名称,中译名,年份,平台,推荐指数,添加时间
13 Sentinels: Aegis Rim,十三机兵防卫圈,2019,NS,10,2024/12/31
Baba Is You,巴巴是你,2019,PC,10,2024/12/31
Cytus,音乐世界,2012,Mobile,10,2024/12/31
Cytus II,音乐世界II,2018,Mobile,10,2024/12/31
Detroit: Become Human,底特律：化身为人,2018,PC,10,2024/12/31
Factorio,异星工厂,2016,PC,10,2024/12/31
FINAL FANTASY VII REMAKE,最终幻想VII 重制,2020,PC,10,2024/12/31
Metal Slug 3,合金弹头3,2000,Arcade,10,2024/12/31
Minecraft,我的世界,2009,PC,10,2024/12/31
NieR: Automata,尼尔：自动人形,2017,PC,10,2024/12/31
Night in the Woods,林中之夜,2017,PC,10,2024/12/31
Pokémon Platinum,宝可梦 白金,2008,NDS,10,2024/12/31
ゼルダの伝説 Tears of the Kingdom,塞尔达传说 王国之泪,2023,NS,10,2024/12/31
7 Billion Humans,70亿人类,2018,PC,9,2024/12/31
ANIMAL WELL,动物井,2024,PC,9,2024/12/31
Balatro,小丑牌,2024,PC,9,2024/12/31
Chunithm NEW!!,中二节奏NEW!!,2021,Arcade,9,2024/12/31
Control,控制,2019,PC,9,2024/12/31
Cytus α,音乐世界α,2019,NS,9,2024/12/31
DEATH STRANDING,死亡搁浅,2019,PC,9,2024/12/31
DEEMO,古树旋律,2013,Mobile,9,2024/12/31
Doodle God,涂鸦上帝,2010,Mobile,9,2024/12/31
Enter the Gungeon,枪弹地牢,2016,PC,9,2024/12/31
FINAL FANTASY VII REBIRTH,最终幻想VII 重生,2024,PS5,9,2024/12/31
Genesis Noir,黑色起源,2021,PC,9,2024/12/31
Hades,哈迪斯,2018,PC,9,2024/12/31
Her Story,她的故事,2015,PC,9,2024/12/31
Hi-Fi RUSH,完美音浪,2023,PC,9,2024/12/31
Inscryption,邪恶冥刻,2021,PC,9,2024/12/31
Leap Year,闰跃之年,2024,PC,9,2024/12/31
Little Nightmares II,小小梦魇II,2021,PC,9,2024/12/31
maimai DX,舞萌DX,2019,Arcade,9,2024/12/31
Mario Party Superstars,马力欧派对 超级巨星,2021,NS,9,2024/12/31
Metal Slug 6,合金弹头6,2006,PS2,9,2024/12/31
Metal Slug X,合金弹头X,1999,Arcade,9,2024/12/31
Metaphor: ReFantazio,暗喻幻想：ReFantazio,2024,PC,9,2024/12/31
Metroid Dread,密特罗德：生存恐惧,2021,NS,9,2024/12/31
Metroid Prime Remastered,密特罗德 究极 复刻版,2023,NS,9,2024/12/31
Minesweeper,扫雷,1992,PC,9,2024/12/31
Narcissu,水仙,2005,PC,9,2024/12/31
OCTOPATH TRAVELER II,八方旅人II,2023,NS,9,2024/12/31
OMORI,,2020,PC,9,2024/12/31
Ori and the Blind Forest,奥里与黑暗森林,2016,PC,9,2024/12/31
Ori and the Will of Wisps,奥里与萤火意志,2020,PC,9,2024/12/31
Pâquerette Down the Bunburrows,帕格丽进入兔子洞,2023,PC,9,2024/12/31
Patrick's Parabox,帕特里克悖论盒,2022,PC,9,2024/12/31
Persona 5 the Royal,女神异闻录5 皇家版,2019,PC,9,2024/12/31
Plants vs. Zombies,植物大战僵尸,2009,PC,9,2024/12/31
Pokémon Go,宝可梦 Go,2016,Mobile,9,2024/12/31
Pokémon Legends: Arceus,宝可梦传说 阿尔宙斯,2022,NS,9,2024/12/31
Pokémon SoulSilver,宝可梦 魂银,2009,NDS,9,2024/12/31
Portal 2,传送门2,2011,PC,9,2024/12/31
Satisfactory,幸福工厂,2019,PC,9,2024/12/31
Sekiro: Shadows Die Twice,只狼：影逝二度,2019,PC,9,2024/12/31
STEINS;GATE,命运石之门,2009,PC,9,2024/12/31
Stephen's Sausage Roll,史蒂芬的香肠卷,2016,PC,9,2024/12/31
Super Mario Bros. Wonder,超级马力欧兄弟 惊奇,2023,NS,9,2024/12/31
Super Mario Odyssey,超级马力欧 奥德赛,2017,NS,9,2024/12/31
Super Meat Boy,超级食肉男孩,2010,PC,9,2024/12/31
Tales of Arise,破晓传说,2021,PC,9,2024/12/31
The Binding of Isaac: Rebirth,以撒的结合：重生,2014,PC,9,2024/12/31
The Red Strings Club,红弦俱乐部,2018,PC,9,2024/12/31
The Sims 4,模拟人生4,2014,PC,9,2024/12/31
The Stanley Parable,史丹利的寓言,2013,PC,9,2024/12/31
The Stanley Parable: Ultra Deluxe,史丹利的寓言：超豪华版,2022,PC,9,2024/12/31
VVVVVV,,2010,PC,9,2024/12/31
World of Goo,粘粘世界,2008,PC,9,2024/12/31
あつまれ どうぶつの森,集合啦！动物森友会,2020,NS,9,2024/12/31
ライザのアトリエ ～常暗の女王と秘密の隐れ家～,莱莎的炼金工房～常暗女王与秘密藏身处～,2019,PC,9,2024/12/31
ライザのアトリエ2 ～失われた传承と秘密の妖精～,莱莎的炼金工房2～失落传说与秘密妖精～,2020,PC,9,2024/12/31
泡沫冬景,/,2020,PC,9,2024/12/31
星のカービィ 鏡の大迷宮,星之卡比 镜之大迷宫,2004,GBA,9,2024/12/31
3D Pinball,三维弹球,1995,PC,8,2024/12/31
A Monster's Expedition,怪兽远征,2020,PC,8,2024/12/31
Airborne Kingdom,空中王国,2020,PC,8,2024/12/31
Alan Wake 2,心灵杀手2,2023,PC,8,2024/12/31
Angry Birds,愤怒的小鸟,2009,Mobile,8,2024/12/31
Angry Birds Seasons,愤怒的小鸟：季节版,2010,Mobile,8,2024/12/31
Angry Birds Space,愤怒的小鸟：太空版,2012,Mobile,8,2024/12/31
As Dusk Falls,日落黄昏时,2022,PC,8,2024/12/31
Astro's Playroom,宇宙机器人无线控制器使用指南,2020,PS5,8,2024/12/31
Baldur's Gate 3,博德之门3,2020,PC,8,2024/12/31
Bonfire Peaks,篝火山峰,2021,PC,8,2024/12/31
Bridge Constructor Portal,桥梁工程师：传送门,2017,PC,8,2024/12/31
Carto,无尽旅图,2020,PC,8,2024/12/31
Chants of Sennaar,巴别塔圣歌,2023,PC,8,2024/12/31
Chaos;Child,混沌之子,2014,PC,8,2024/12/31
Chicory: A Colorful Tale,小菊苣：充满色彩的故事,2021,PC,8,2024/12/31
Chrono Trigger,时空之轮,1995,PC,8,2024/12/31
Citizen Sleeper,深空梦里人,2022,PC,8,2024/12/31
Cocoon,茧,2023,PC,8,2024/12/31
Coffee Talk,咖啡心语,2020,PC,8,2024/12/31
Crayon Physics Deluxe,蜡笔物理学：豪华版,2009,PC,8,2024/12/31
Cult of the Lamb,咩咩启示录,2022,PC,8,2024/12/31
Cuphead,茶杯头,2017,PC,8,2024/12/31
Cyberpunk 2077,赛博朋克2077,2020,PC,8,2024/12/31
Dance Dance Revolution,劲舞革命,1998,Arcade,8,2024/12/31
DEEMO II,花雨旋律,2022,Mobile,8,2024/12/31
DEEMO -Reborn-,古树旋律 -重生-,2019,PC,8,2024/12/31
Disco Elysium,极乐迪斯科,2019,PC,8,2024/12/31
Distraint,扣押,2015,PC,8,2024/12/31
Doodle Jump,涂鸦跳跃,2009,Mobile,8,2024/12/31
Duck Game,鸭王争霸,2015,PC,8,2024/12/31
Dungeons & Degenerate Gamblers,堕落赌徒与地下城,2024,PC,8,2024/12/31
Elden Ring,艾尔登法环,2022,PC,8,2024/12/31
Feeding Frenzy 2,大鱼吃小鱼2,2006,PC,8,2024/12/31
Fez,,2013,PC,8,2024/12/31
Final Fantasy XV,最终幻想XV,2016,PC,8,2024/12/31
Frog Fractions,青蛙分数,2012,PC,8,2024/12/31
Fruit Ninja,水果忍者,2010,Mobile,8,2024/12/31
Ghost Trick: Phantom Detective,幽灵诡计,2023,PC,8,2024/12/31
GRIS,,2018,PC,8,2024/12/31
Human Resource Machine,人力资源机器,2015,Mobile,8,2024/12/31
HUMANITY,人类,2023,PC,8,2024/12/31
I Wanna Be The Guy,,2007,PC,8,2024/12/31
ibb & obb,,2014,PC,8,2024/12/31
Inside,囚禁,2016,PC,8,2024/12/31
Isles of Sea and Sky,海天岛传说,2024,PC,8,2024/12/31
It Takes Two,双人成行,2021,PC,8,2024/12/31
Journey to the Savage Planet,狂野星球之旅,2020,PC,8,2024/12/31
Just Shapes & Beats,,2018,PC,8,2024/12/31
Late Shift,夜班,2017,PC,8,2024/12/31
Lifeline,生命线,2015,Mobile,8,2024/12/31
Limbo,地狱边境,2011,PC,8,2024/12/31
Little Nightmares,小小梦魇,2017,PC,8,2024/12/31
Loop Hero,循环勇士,2021,PC,8,2024/12/31
Lumino City,光辉之城,2014,Mobile,8,2024/12/31
Manifold Garden,流形花园,2019,PC,8,2024/12/31
Mario Kart 8 Deluxe,马力欧赛车8 豪华版,2017,NS,8,2024/12/31
Mario Tennis Aces,马力欧网球 王牌,2018,NS,8,2024/12/31
Metal Slug,合金弹头,1996,Arcade,8,2024/12/31
Metal Slug 5,合金弹头5,2003,Arcade,8,2024/12/31
Metal Slug XX,合金弹头XX,2009,PSP,8,2024/12/31
Monument Valley,纪念碑谷,2014,Mobile,8,2024/12/31
Move or Die,不动即死,2016,PC,8,2024/12/31
Muse Dash,喵斯快跑,2018,Mobile,8,2024/12/31
Mutazione,变异小镇,2019,PC,8,2024/12/31
NEEDY GIRL OVERDOSE,主播女孩重度依赖,2022,PC,8,2024/12/31
New Super Mario Bros. U Deluxe,New 超级马力欧兄弟U 豪华版,2019,NS,8,2024/12/31
NieR Replicant ver.1.22474487139...,尼尔：人工生命 ver.1.22474487139...,2021,PC,8,2024/12/31
Nintendo Switch Sports,Nintendo Switch 运动,2022,NS,8,2024/12/31
OCTOPATH TRAVELER,八方旅人,2019,PC,8,2024/12/31
OverRapid,,2016,Mobile,8,2024/12/31
"Papers, Please",请出示证件,2013,PC,8,2024/12/31
Persona 3 Reload,女神异闻录3 Reload,2024,PC,8,2024/12/31
Pikmin 3,皮克敏3,2013,NS,8,2024/12/31
Pikmin 4,皮克敏4,2023,NS,8,2024/12/31
Platypus,黏土战机,2002,PC,8,2024/12/31
Pokémon Alpha Saphhire,宝可梦 始源蓝宝石,2014,3DS,8,2024/12/31
Pokémon Black 2,宝可梦 黑2,2012,NDS,8,2024/12/31
Pokémon Emerald,宝可梦 绿宝石,2004,GBA,8,2024/12/31
Pokémon Violet,宝可梦 紫,2022,NS,8,2024/12/31
Poly Bridge 2,多边桥2,2020,PC,8,2024/12/31
Poly Bridge 3,多边桥3,2023,PC,8,2024/12/31
Pong,,1972,Arcade,8,2024/12/31
Portal,传送门,2007,PC,8,2024/12/31
Project Sekai Colorful Stage! feat. 初音ミク,世界计划 缤纷舞台 feat. 初音未来,2020,Mobile,8,2024/12/31
Puddle Knights,水坑骑士,2020,PC,8,2024/12/31
Quantum Break,量子破碎,2016,PC,8,2024/12/31
Rabbit Rush,小兔快跑,2013,PC,8,2024/12/31
Rabi-Ribi,,2016,PC,8,2024/12/31
Ring Fit Adventure,健身环大冒险,2019,NS,8,2024/12/31
Risk of Rain 2,雨中冒险2,2019,PC,8,2024/12/31
Shady Part of Me,我的阴暗面,2020,PC,8,2024/12/31
ShellShock Live,,2015,PC,8,2024/12/31
Sid Meier's Civilization VI,文明6,2016,PC,8,2024/12/31
SIGNALIS,信号,2022,PC,8,2024/12/31
Soccer Physics,足球物理,2014,Mobile,8,2024/12/31
South of the Circle,极圈以南,2022,PC,8,2024/12/31
STEINS;GATE 0,命运石之门0,2015,PC,8,2024/12/31
STEINS;GATE ELITE,命运石之门 精英,2019,PC,8,2024/12/31
Sticks And Bones,棍与骨,2019,PC,8,2024/12/31
Storyteller,说书人,2023,PC,8,2024/12/31
Super Mario 3D World + Fury World,超级马力欧 3D世界 ＋ 狂怒世界,2021,PC,8,2024/12/31
Super Mario 64,超级马力欧64,1996,N64,8,2024/12/31
Super Mario Bros.,超级马力欧兄弟,1985,FC,8,2024/12/31
Super Mario Galaxy,超级马力欧银河,2007,Wii,8,2024/12/31
Super Mario Party,超级马力欧派对,2018,NS,8,2024/12/31
Super Smash Bros. Ultimate,任天堂明星大乱斗 特别版,2018,NS,8,2024/12/31
Superliminal,超阈限空间,2019,PC,8,2024/12/31
Taiji,太极,2022,PC,8,2024/12/31
Tandis,万象变换,2022,PC,8,2024/12/31
Temple Run,神庙逃亡,2012,Mobile,8,2024/12/31
Tetris,俄罗斯方块,1984,FC,8,2024/12/31
The Binding of Isaac,以撒的结合,2011,PC,8,2024/12/31
The End is Nigh,终结将至,2017,PC,8,2024/12/31
The Outer Worlds,天外世界,2019,PC,8,2024/12/31
The Sims 3,模拟人生3,2009,PC,8,2024/12/31
The Talos Principle 2,塔洛斯的法则2,2023,PC,8,2024/12/31
The Treasures of Montezuma,蒙特祖玛的宝藏,2011,PC,8,2024/12/31
The Witness,见证者,2016,PC,8,2024/12/31
VOEZ,兰空,2017,Mobile,8,2024/12/31
Voice of Cards ドラゴンの島,卡牌之声 龙啸之岛,2021,PC,8,2024/12/31
WILL: 美好世界,/,2017,PC,8,2024/12/31
World of Goo 2,粘粘世界2,2024,PC,8,2024/12/31
Wuppo,,2016,PC,8,2024/12/31
Zwei: The Ilvard Insurrection,双星物语II,2008,PC,8,2024/12/31
ゼルダの伝説 Breath of the Wild,塞尔达传说 旷野之息,2017,NS,8,2024/12/31
ソフィーのアトリエ〜不思議な本の錬金術士〜 DX,苏菲的炼金工房～不可思议之书的炼金术士～DX,2021,PC,8,2024/12/31
ドーナドーナ いっしょにわるいことをしよう,多娜多娜 一起来干坏事吧,2020,PC,8,2024/12/31
ネルケと伝説の錬金術士たち ～新たな大地のアトリエ～,奈尔克与传说的炼金术士们 ~新大地的炼金工房~,2018,PC,8,2024/12/31
ライザのアトリエ3 ～終わりの錬金術士と秘密の鍵～,莱莎的炼金工房3 ～终结之炼金术士与秘密钥匙～,2023,PC,8,2024/12/31
初音ミク Project DIVA Arcade,初音未来 Project DIVA 街机版,2010,Arcade,8,2024/12/31
初音ミク Project DIVA MEGA39's+,初音未来 Project DIVA MEGA39's+,2022,PC,8,2024/12/31
戴森球计划,/,2021,PC,8,2024/12/31
黑神话：悟空,/,2024,PC,8,2024/12/31
笼中窥梦,/,2021,PC,8,2024/12/31
美少女万華鏡 -理と迷宮の少女-,美少女万华镜 -理与迷宫的少女-,2020,PC,8,2024/12/31
三伏,/,2023,PC,8,2024/12/31
三色△绘恋S 假若恋色嫣红,/,2021,PC,8,2024/12/31
世界のアソビ大全51,世界游戏大全51,2020,NS,8,2024/12/31
同步音律喵赛克,/,2015,Mobile,8,2024/12/31
違う冬のぼくら,不同的冬天,2023,PC,8,2024/12/31
小白兔电商,/,2021,PC,8,2024/12/31
星のカービィ,星之卡比,1992,GB,8,2024/12/31
星のカービィ ディスカバリー,星之卡比 探索发现,2022,NS,8,2024/12/31
星のカービィ 夢の泉デラックス,星之卡比 梦之泉豪华版,2002,GBA,8,2024/12/31
140,/,2013,PC,7,2024/12/31
(the) Gnorp Apologue,糯米团子历代记,2023,PC,7,2024/12/31
14种扫雷变体,/,2022,PC,7,2024/12/31
14种扫雷变体2,/,2024,PC,7,2024/12/31
7 Days to End with You,七日与君终,2022,PC,7,2024/12/31
A Dark Room,暗室,2013,Mobile,7,2024/12/31
A Little to the Left,往左一点,2022,PC,7,2024/12/31
A Short Hike,短途旅行,2019,PC,7,2024/12/31
ABRISS,一触即发,2022,PC,7,2024/12/31
ABZÛ,,2016,PC,7,2024/12/31
Afterdream,梦中影,2023,PC,7,2024/12/31
AI: The Somnium Files,AI：梦境档案,2019,NS,7,2024/12/31
And Yet It Moves,重力世界,2009,PC,7,2024/12/31
Angry Birds 2,愤怒的小鸟2,2015,Mobile,7,2024/12/31
Angry Birds Star Wars,愤怒的小鸟：星球大战,2012,Mobile,7,2024/12/31
Angry Birds Star Wars II,愤怒的小鸟：星球大战2,2013,Mobile,7,2024/12/31
Ape Out,猿人脱逃,2019,PC,7,2024/12/31
Arkanoid,打砖块,1986,Arcade,7,2024/12/31
Ashwalkers,烬土行者,2021,PC,7,2024/12/31
Assassin's Creed: Brotherhood,刺客信条：兄弟会,2011,PC,7,2024/12/31
Assemble with Care,用心组装,2021,PC,7,2024/12/31
ASTLIBRA Revision,神之天平 Revision,2022,PC,7,2024/12/31
Astral Ascent,星界战士,2022,PC,7,2024/12/31
Astral Chain,异界锁链,2019,NS,7,2024/12/31
BAD END THEATER,坏结局剧院,2021,PC,7,2024/12/31
Bad Piggies,捣蛋猪,2012,Mobile,7,2024/12/31
BBTAN,BB弹,2015,Mobile,7,2024/12/31
Blendoku 2,彩独2,2015,Mobile,7,2024/12/31
Braid,时空幻境,2009,PC,7,2024/12/31
Broforce,武装原型,2015,PC,7,2024/12/31
Brothers - A Tale of Two Sons,兄弟：双子传说,2013,PC,7,2024/12/31
Buddy Simulator 1984,伙伴模拟器1984,2021,PC,7,2024/12/31
Campfire Cooking,篝火野餐,2017,PC,7,2024/12/31
Carrion,红怪,2020,PC,7,2024/12/31
Celeste,蔚蓝,2018,PC,7,2024/12/31
Cell to Singularity - Evolution Never Ends,从细胞到奇点 - 进化不止,2018,PC,7,2024/12/31
Cities: Skylines,城市：天际线,2015,PC,7,2024/12/31
Coffee Talk Episode 2: Hibiscus and Butterfly,咖啡心语 第二集：木槿与蝶,2023,PC,7,2024/12/31
Contra,魂斗罗,1987,FC,7,2024/12/31
Cut the Rope,切绳子,2010,Mobile,7,2024/12/31
DANCERUSH STARDOM,舞律炫步,2018,Arcade,7,2024/12/31
DARQ,,2019,PC,7,2024/12/31
Dead Cells,死亡细胞,2017,PC,7,2024/12/31
DEVICE 6,6号设备,2013,Mobile,7,2024/12/31
Distraint 2,扣押2,2018,PC,7,2024/12/31
Draw & Guess,你画我猜,2021,PC,7,2024/12/31
Dynamix,炫光动感,2015,Mobile,7,2024/12/31
Enshrouded,雾锁王国,2024,PC,7,2024/12/31
Euro Truck Simulator 2,欧洲卡车模拟2,2012,PC,7,2024/12/31
Exit the Gungeon,逃出枪牢,2020,PC,7,2024/12/31
Fall Guys: Ultimate Knockout,糖豆人：终极淘汰赛,2020,PC,7,2024/12/31
Filament,钨丝,2020,PC,7,2024/12/31
Firewatch,看火人,2016,PC,7,2024/12/31
Florence,弗洛伦丝,2020,PC,7,2024/12/31
For the King,为了吾王,2018,PC,7,2024/12/31
FRAMED,致命框架,2014,Mobile,7,2024/12/31
FRAMED 2,致命框架2,2017,Mobile,7,2024/12/31
Frostpunk 2,冰汽时代2,2024,PC,7,2024/12/31
Ghostrunner,幽灵行者,2020,PC,7,2024/12/31
GNOG,,2018,PC,7,2024/12/31
God of War,战神,2018,PC,7,2024/12/31
Gorogoa,画中世界,2017,PC,7,2024/12/31
Granblue Fantasy: Relink,碧蓝幻想：Relink,2024,PC,7,2024/12/31
Grand Theft Auto: San Andreas,侠盗猎车手：圣安地列斯,2005,PC,7,2024/12/31
Groove Coaster,节奏过山车,2013,Arcade,7,2024/12/31
Heal,疗愈,2020,PC,7,2024/12/31
Here,这里,2020,VR,7,2024/12/31
Hogwarts Legacy,霍格沃兹之遗,2023,PC,7,2024/12/31
Hue,,2016,PC,7,2024/12/31
Human: Fall Flat,人类：一败涂地,2016,PC,7,2024/12/31
Hush,寂静,2020,VR,7,2024/12/31
INKS,墨水,2016,Mobile,7,2024/12/31
INMOST,极渊,2020,PC,7,2024/12/31
Insaniquarium,怪怪水族馆,2005,PC,7,2024/12/31
Jetpack Joyride,疯狂喷气机,2012,Mobile,7,2024/12/31
Journey,风之旅人,2015,PC,7,2024/12/31
Just Dance 2020,舞力全开2020,2019,NS,7,2024/12/31
KALPA,,2021,Mobile,7,2024/12/31
Katana ZERO,武士刀零,2019,PC,7,2024/12/31
Keep Talking and Nobody Explodes,保持交流就没人爆炸,2015,PC,7,2024/12/31
Kine,,2019,PC,7,2024/12/31
Koi-Koi Japan,日式花札,2015,PC,7,2024/12/31
Lanota,拉诺塔,2016,Mobile,7,2024/12/31
Last Day of June,琼的最后一天,2017,PC,7,2024/12/31
LEGO® Builder's Journey,LEGO® 建造者之旅,2019,PC,7,2024/12/31
Lifeline: Halfway to Infinity,生命线：涅槃,2016,Mobile,7,2024/12/31
Lifeline: Silent Night,生命线：静夜,2015,Mobile,7,2024/12/31
Linelith,,2022,PC,7,2024/12/31
Machinarium,机械迷城,2009,Mobile,7,2024/12/31
maimai,舞萌,2012,Arcade,7,2024/12/31
Marvel's Guardians of the Galaxy,漫威银河护卫队,2021,PC,7,2024/12/31
Maxwell's Puzzling Demon,,2024,PC,7,2024/12/31
Mega Man,洛克人,1987,NES,7,2024/12/31
Metal Slug 2,合金弹头2,1998,Arcade,7,2024/12/31
Metroid II: Return of Samus,密特罗德II 萨姆斯回归,1991,GB,7,2024/12/31
Minecraft Dungeons,我的世界地下城,2020,PC,7,2024/12/31
Monument Valley 2,纪念碑谷2,2017,Mobile,7,2024/12/31
Mount & Blade: With Fire and Sword,骑马与砍杀：火与剑,2011,PC,7,2024/12/31
Moving Out,胡闹搬家,2020,NS,7,2024/12/31
My Friend Pedro,我的朋友佩德罗,2019,PC,7,2024/12/31
Narcissu -SIDE 2nd-,水仙2,2007,PC,7,2024/12/31
NEKOPARA Vol.1,猫娘乐园 Vol.1,2014,PC,7,2024/12/31
NEKOPARA Vol.2,猫娘乐园 Vol.2,2016,PC,7,2024/12/31
No Man's Sky,无人深空,2016,PC,7,2024/12/31
Nostalgia,,2017,Arcade,7,2024/12/31
OCTOPATH TRAVELER 大陸の覇者,八方旅人 大陆的霸者,2020,Mobile,7,2024/12/31
Okay?,,2015,Mobile,7,2024/12/31
Opus Magnum,炼金术师,2017,PC,7,2024/12/31
Outer Wilds,星际拓荒,2019,PC,7,2024/12/31
Overcooked 2,胡闹厨房2,2018,PC,7,2024/12/31
Palworld,幻兽帕鲁,2024,PC,7,2024/12/31
Paper Beast,纸兽,2020,PC,7,2024/12/31
Persona 5 Scramble: The Phantom Strikers,女神异闻录5 乱战：魅影攻手,2020,PC,7,2024/12/31
Pianista,钢琴师,2016,Mobile,7,2024/12/31
Piano Tiles 2,钢琴块2,2015,Mobile,7,2024/12/31
Pikuniku,野餐大冒险,2019,PC,7,2024/12/31
Pipe Push Paradise,推水管天堂,2018,PC,7,2024/12/31
Poly Bridge,多边桥,2016,PC,7,2024/12/31
Pony Island,小马岛,2016,PC,7,2024/12/31
PortalSnake,传送门蛇,2023,PC,7,2024/12/31
Project FX,FX计划,2019,Mobile,7,2024/12/31
Prototype,虐杀原形,2009,PC,7,2024/12/31
Prune,修剪,2016,Mobile,7,2024/12/31
Pummel Party,搏击派对,2018,PC,7,2024/12/31
Raiden III,雷电III,2005,PC,7,2024/12/31
Rance X -決戦-,兰斯10 -决战-,2018,PC,7,2024/12/31
Recursed,递归,2016,PC,7,2024/12/31
Resident Evil 4,生化危机4 重制版,2023,PC,7,2024/12/31
Rusty's Retirement,锈锈的退休生活,2024,PC,7,2024/12/31
Salamander,沙罗曼蛇,1986,FC,7,2024/12/31
Samorost 3,银河历险记3,2016,Mobile,7,2024/12/31
SANABI,闪避刺客,2022,PC,7,2024/12/31
Scarlet Nexus,绯红结系,2021,PC,7,2024/12/31
Senua's Saga: Hellblade II,塞娜的传奇：地狱之刃II,2024,PC,7,2024/12/31
Sheepy: A Short Adventure,羊羊的小冒险,2024,PC,7,2024/12/31
Sid Meier's Civilization V,文明5,2010,PC,7,2024/12/31
SimCity 5,模拟城市5,2013,PC,7,2024/12/31
Skala,,2022,PC,7,2024/12/31
Slay the Spire,杀戮尖塔,2017,PC,7,2024/12/31
Somerville,萨默维尔,2022,PC,7,2024/12/31
Stardew Valley,星露谷物语,2016,PC,7,2024/12/31
Starfield,星空,2023,PC,7,2024/12/31
STEINS;GATE 比翼恋理のだーりん,命运石之门：比翼恋理的爱人,2011,PC,7,2024/12/31
STEINS;GATE 線形拘束のフェノグラム,命运石之门：线形拘束的树状图,2013,PC,7,2024/12/31
Stick Fight: The Game,火柴人大乱斗,2017,PC,7,2024/12/31
Stone Story RPG,石头纪,2019,PC,7,2024/12/31
Stray,流浪,2022,PS5,7,2024/12/31
SUPERHOT,燥热,2016,PC,7,2024/12/31
Temple Run: Oz,神庙逃亡：魔境仙踪,2013,Mobile,7,2024/12/31
Terra Nil,伊始之地,2023,PC,7,2024/12/31
tERRORbane,勇者斗幺蛾,2022,PC,7,2024/12/31
TEST TEST TEST,测试 测试 测试,2024,PC,7,2024/12/31
The Beginner's Guide,新手指南,2015,PC,7,2024/12/31
The Bridge,桥,2013,PC,7,2024/12/31
The Case of the Golden Idol,金偶像谜案,2022,PC,7,2024/12/31
The Fish Fillets 2,鱼片2,2007,PC,7,2024/12/31
The Gardens Between,花园之间,2018,PC,7,2024/12/31
The King of Fighters 97,拳皇97,1997,Arcade,7,2024/12/31
The Last Campfire,最后的篝火,2020,PC,7,2024/12/31
The Longest Road on Earth,最漫长的路,2021,PC,7,2024/12/31
The Messenger,信使,2018,PC,7,2024/12/31
The Outlast Trials,逃生：试炼,2023,PC,7,2024/12/31
The Sequence[2],序列[2],2018,Mobile,7,2024/12/31
The Stillness of the Wind,风之寂静,2019,PC,7,2024/12/31
The Witcher 3: Wild Hunt,巫师3：狂猎,2015,PC,7,2024/12/31
Thomas Was Alone,孤独的托马斯,2012,PC,7,2024/12/31
Threes!,3!,2014,Mobile,7,2024/12/31
Tilt to Live,重力存亡,2010,Mobile,7,2024/12/31
Tone Sphere,音调领域,2012,Mobile,7,2024/12/31
Touhou Luna Nights,东方月神夜,2019,PC,7,2024/12/31
TUNIC,,2022,PC,7,2024/12/31
Ultimate Fishing Simulator,终极钓鱼模拟器,2018,PC,7,2024/12/31
Understand,顿悟,2020,PC,7,2024/12/31
Unpacking,开箱,2021,PC,7,2024/12/31
VA-11 Hall-A: Cyberpunk Bartender Action,VA-11 Hall-A：赛博朋克酒保行动,2016,PC,7,2024/12/31
Venba,薇妮巴一家,2023,PC,7,2024/12/31
Wario Land 3 不思議なオルゴール,瓦力欧乐园3 不可思议的音乐盒,2000,GBC,7,2024/12/31
What Remains of Edith Finch,艾迪芬奇的记忆,2017,PC,7,2024/12/31
WHAT THE GOLF?,万物皆可高尔夫,2019,PC,7,2024/12/31
Year Walk,终年之旅,2014,PC,7,2024/12/31
Zuma Deluxe,祖玛豪华版,2006,PC,7,2024/12/31
オンゲキ,音击,2018,Arcade,7,2024/12/31
スノーブラザーズ,雪人兄弟,1991,FC,7,2024/12/31
ゼノブレイド 2,异度神剑2,2017,NS,7,2024/12/31
ゼルダの伝説 夢をみる島,塞尔达传说 织梦岛,2019,NS,7,2024/12/31
ナツノカナタ,夏日彼方,2022,PC,7,2024/12/31
バグと魔法使い,故障与魔法使,2024,PC,7,2024/12/31
メルルのアトリエ〜アーランドの炼金术士3〜DX,梅露露的炼金工房～阿兰德的炼金术士3～DX,2018,NS,7,2024/12/31
倉庫番,推箱子,1982,PC,7,2024/12/31
恶果之地,/,2018,PC,7,2024/12/31
风来之国,/,2021,PC,7,2024/12/31
恐怖の世界,恐怖的世界,2020,PC,7,2024/12/31
美少女万華鏡 -かつて少女だった君へ-,美少女万华镜 -献给曾是少女的你-,2014,PC,7,2024/12/31
美少女万華鏡 -忘れな草と永遠の少女-,美少女万华镜 -勿忘草与永远的少女-,2012,PC,7,2024/12/31
猛兽派对,/,2023,PC,7,2024/12/31
迷失岛,/,2016,Mobile,7,2024/12/31
霓虹深渊,/,2020,PC,7,2024/12/31
三色△绘恋,/,2017,PC,7,2024/12/31
三色△绘恋S,/,2020,PC,7,2024/12/31
失眠,/,2022,PC,7,2024/12/31
文字游戲,/,2022,PC,7,2024/12/31
星のカービィ 参上!ドロッチェ団,星之卡比 参上！怪盗洛切团,2006,NDS,7,2024/12/31
烟火,/,2021,PC,7,2024/12/31
只只大冒险,/,2020,PC,7,2024/12/31
中阴,/,2023,PC,7,2024/12/31
2048,/,2014,Mobile,6,2024/12/31
100% Orange Juice,100%鲜橙汁,2013,PC,6,2024/12/31
20 Small Mazes,20个小迷宫,2024,PC,6,2024/12/31
6栋301房,/,2022,PC,6,2024/12/31
A Memoir Blue,蓝色回忆录,2022,PC,6,2024/12/31
Alan Wake,心灵杀手,2010,PC,6,2024/12/31
Alto's Adventure,阿尔托的冒险,2015,Mobile,6,2024/12/31
Alto's Odyssey,阿尔托的奥德赛,2018,PC,6,2024/12/31
Angry Birds Go!,愤怒的小鸟：Go!,2013,Mobile,6,2024/12/31
Another World,另一个世界,1991,PC,6,2024/12/31
Arcaea,韵律原点,2017,Mobile,6,2024/12/31
Atomic Heart,原子之心,2023,PC,6,2024/12/31
Badland 2,迷失之地2,2015,Mobile,6,2024/12/31
Bayonetta,猎天使魔女,2009,PC,6,2024/12/31
Bean and Nothingness,豆与虚无,2021,PC,6,2024/12/31
Beat Saber,节奏空间,2018,VR,6,2024/12/31
Beatmania IIDX,狂热节拍IIDX,1999,Arcade,6,2024/12/31
Besiege,围攻,2015,PC,6,2024/12/31
Beyond: Two Souls,超凡双生,2013,PC,6,2024/12/31
Block in the Lock,锁中块,2019,PC,6,2024/12/31
Bloodstained: Ritual of the Night,赤痕：夜之仪式,2019,PC,6,2024/12/31
Borderlands 3,无主之地3,2019,PC,6,2024/12/31
Botanicula,植物精灵,2012,Mobile,6,2024/12/31
Brain Dots,脑点子,2015,Mobile,6,2024/12/31
Cadence of Hyrule,节奏海拉鲁,2019,NS,6,2024/12/31
Cats Organized Neatly,,2020,PC,6,2024/12/31
ChainBeeT,,2019,Mobile,6,2024/12/31
Chessformer,,2022,PC,6,2024/12/31
Cities: Skylines II,城市：天际线II,2023,PC,6,2024/12/31
Color Linez,彩色连珠,1995,PC,6,2024/12/31
Cosmic Express,宇宙快车,2017,PC,6,2024/12/31
Craftopia,创世理想乡,2020,PC,6,2024/12/31
Cut the Rope 2,切绳子2,2014,Mobile,6,2024/12/31
Cypher,密码,2018,PC,6,2024/12/31
Dance Rail 3,,2019,Mobile,6,2024/12/31
Dark Echo,回声探路,2015,Mobile,6,2024/12/31
Demon's Tilt,恶魔弹珠台,2019,PC,6,2024/12/31
Devil May Cry 5,鬼泣5,2019,PC,6,2024/12/31
Devolverland Expo,Devolver乐园展览会,2020,PC,6,2024/12/31
Diablo IV,暗黑破坏神IV,2023,PC,6,2024/12/31
Dicey Dungeons,骰子地下城,2019,PC,6,2024/12/31
Dis Pontibus,推桥,2019,PC,6,2024/12/31
DJMAX Technika,,2008,Arcade,6,2024/12/31
Don't Starve,饥荒,2013,Mobile,6,2024/12/31
Don't Starve Together,饥荒：联机版,2014,PC,6,2024/12/31
Don't Tap the White Tile,别踩白块儿,2014,Mobile,6,2024/12/31
Donut County,甜甜圈小镇,2018,PC,6,2024/12/31
Doodle Devil,涂鸦恶魔,2011,Mobile,6,2024/12/31
Dr Kawashima’s Brain Training for Nintendo Switch,川岛博士的脑力锻炼 Switch版,2019,NS,6,2024/12/31
Duel Otters,双人对决,2015,Mobile,6,2024/12/31
Emily is Away <3,艾米莉已下线<3,2021,PC,6,2024/12/31
Everything,万物,2017,PC,6,2024/12/31
Flower,花,2013,PC,6,2024/12/31
FOUNDRY,铸造厂,2024,PC,6,2024/12/31
Furi,非人,2016,PC,6,2024/12/31
Furi Demake,非人 怀旧版,2023,PC,6,2024/12/31
Geometry Dash,几何冲刺,2014,Mobile,6,2024/12/31
Go Mecha Ball,进击的机甲球,2024,PC,6,2024/12/31
Goat Simulator,山羊模拟器,2014,PC,6,2024/12/31
Goat Simulator 3,模拟山羊3,2022,PC,6,2024/12/31
Golf Club: Wasteland,高尔夫：废土,2021,PC,6,2024/12/31
Goose Goose Duck,鹅鹅鸭,2022,PC,6,2024/12/31
Groove Coaster 2,节奏过山车2,2015,Mobile,6,2024/12/31
Grounded,禁闭求生,2020,PC,6,2024/12/31
Hamsterball,仓鼠球,2004,PC,6,2024/12/31
Have a Nice Death,祝你好死,2023,PC,6,2024/12/31
Headbangers: Rhythm Royale,,2023,PC,6,2024/12/31
Heave Ho,嘿哟走你,2019,PC,6,2024/12/31
Hiding Spot,藏匿点,2018,PC,6,2024/12/31
Hollow Knight,空洞骑士,2017,PC,6,2024/12/31
HUMANKIND,人类,2021,PC,6,2024/12/31
I-Fluid,我是一颗小水珠,2008,PC,6,2024/12/31
In Other Waters,孤星寂海,2020,PC,6,2024/12/31
Industries of Titan,泰坦工业,2020,PC,6,2024/12/31
Infinifactory,无限工厂,2015,PC,6,2024/12/31
Islands of Insight,真知之岛,2024,PC,6,2024/12/31
Jackal,赤色要塞,1988,FC,6,2024/12/31
Jubeat,乐动魔方,2008,Arcade,6,2024/12/31
Jusant,退潮,2023,PC,6,2024/12/31
Just Cause 4,正当防卫4,2018,PC,6,2024/12/31
Kena: Bridge of Spirits,凯娜：精神之桥,2021,PC,6,2024/12/31
Layers of Fear 2,层层恐惧2,2019,PC,6,2024/12/31
Life is Strange,奇异人生,2015,PC,6,2024/12/31
Lifeline 2: Bloodline,生命线2：血线,2015,Mobile,6,2024/12/31
Lifeline: Whiteout,生命线：冰天穴地,2016,Mobile,6,2024/12/31
Little Inferno,小小炼狱,2012,PC,6,2024/12/31
LIVE A LIVE,时空勇士,2022,NS,6,2024/12/31
Lobotomy Corporation,脑叶公司,2018,PC,6,2024/12/31
LOVE,爱,2014,PC,6,2024/12/31
Luck be a Landlord,幸运房东,2023,PC,6,2024/12/31
Luigi's Mansion 3,路易吉洋馆3,2019,NS,6,2024/12/31
Mario Kart Arcade GP DX,马力欧卡丁车 大奖赛 DX,2013,Arcade,6,2024/12/31
Melvor Idle,梅尔沃放置,2019,PC,6,2024/12/31
Metal Slug 4,合金弹头4,2001,Arcade,6,2024/12/31
Metal Slug 7,合金弹头7,2008,NDS,6,2024/12/31
Metro Exodus,地铁：离去,2019,PC,6,2024/12/31
Microsoft Solitaire Collection,微软纸牌合集,2016,Mobile,6,2024/12/31
Milk outside a bag of milk outside a bag of milk,牛奶袋外袋外牛奶,2021,PC,6,2024/12/31
Mitoza,种,2011,PC,6,2024/12/31
Mount & Blade II: Bannerlord,骑马与砍杀2：霸主,2020,PC,6,2024/12/31
Mountain,山,2014,PC,6,2024/12/31
Narcissu 3rd,水仙3,2009,PC,6,2024/12/31
Necrobarista,终点咖啡馆,2020,PC,6,2024/12/31
NEO Scavenger,末日拾荒者,2014,PC,6,2024/12/31
NieR Re[in]carnation,尼尔：转生,2021,Mobile,6,2024/12/31
Noah's Bottle,诺亚之瓶,2015,Mobile,6,2024/12/31
Noita,万物女巫,2019,PC,6,2024/12/31
Overcooked,胡闹厨房,2016,PC,6,2024/12/31
Pac-Man,吃豆人,1980,Arcade,6,2024/12/31
Perchang,,2016,Mobile,6,2024/12/31
Persona 4 Golden,女神异闻录4 黄金版,2011,PC,6,2024/12/31
Persona 5 Tactica,女神异闻录5 战略版,2023,PC,6,2024/12/31
Petit Game Collection vol.1,袖珍游戏合集 vol.1,2024,PC,6,2024/12/31
PICO PARK,,2019,PC,6,2024/12/31
Plague Inc.,瘟疫公司,2012,Mobile,6,2024/12/31
"Please, Don't Touch Anything",请勿触碰,2015,PC,6,2024/12/31
Pokémon Shining Pearl,宝可梦 明亮珍珠,2021,NS,6,2024/12/31
Pokémon Ultra Moon,宝可梦 究极之月,2017,3DS,6,2024/12/31
Poker Club,扑克俱乐部,2020,PC,6,2024/12/31
PowerWash Simulator,冲就完事模拟器,2022,PC,6,2024/12/31
Psychonauts 2,意航员2,2021,PC,6,2024/12/31
Red Dead Redemption 2,荒野大镖客2,2019,PC,6,2024/12/31
Reigns: Her Majesty,王权：女王陛下,2017,PC,6,2024/12/31
Reigns: Three Kingdoms,王权：三国,2023,PC,6,2024/12/31
Remnant: From the Ashes,遗迹：灰烬重生,2019,PC,6,2024/12/31
Road 96,九十六号公路,2021,PC,6,2024/12/31
Rubber Bandits,橡胶强盗,2021,PC,6,2024/12/31
Rune Factory 4 Special,符文工房4 豪华版,2019,NS,6,2024/12/31
RYB,,2016,PC,6,2024/12/31
Sable,沙贝,2021,PC,6,2024/12/31
Scorn,蔑视,2022,PC,6,2024/12/31
Shadowmatic,投影寻真,2015,Mobile,6,2024/12/31
shapez.io,异形工厂,2020,PC,6,2024/12/31
She Sees Red,她看见红色,2019,PC,6,2024/12/31
SHENZHEN I/0,深圳I/O,2016,PC,6,2024/12/31
Shift Quantum,量子位移,2018,PC,6,2024/12/31
Ski Safari,滑雪大冒险,2012,Mobile,6,2024/12/31
Ski Safari 2,滑雪大冒险2,2016,Mobile,6,2024/12/31
Snakebird,蛇鹈鸟,2015,PC,6,2024/12/31
Snaliens,蛇蛇外星人,2020,PC,6,2024/12/31
Soul Hackers 2,灵魂骇客2,2022,PC,6,2024/12/31
SOUND VOLTEX EXCEED GEAR,音律炫动EXCEED GEAR,2021,Arcade,6,2024/12/31
Spiritfarer,灵魂摆渡人,2020,PC,6,2024/12/31
Spore,孢子,2008,PC,6,2024/12/31
SquishCraft,挤压工艺,2022,PC,6,2024/12/31
Steep,极限巅峰,2016,PC,6,2024/12/31
STEINS;GATE 変移空間のオクテット,命运石之门：变移空间的8bit,2011,PC,6,2024/12/31
STELLIGHTS,,2017,Mobile,6,2024/12/31
Stories Untold,未诉之事,2017,PC,6,2024/12/31
Synchronica,,2015,Arcade,6,2024/12/31
Tametsi,,2017,PC,6,2024/12/31
Temple Run 2,神庙逃亡2,2013,Mobile,6,2024/12/31
The Bunker,地堡,2016,PC,6,2024/12/31
The King of Fighters 2001,拳皇2001,2001,Arcade,6,2024/12/31
The King of Fighters 2002,拳皇2002,2002,Arcade,6,2024/12/31
The King of Fighters 2003,拳皇2003,2003,Arcade,6,2024/12/31
The King of Fighters 96,拳皇96,1996,Arcade,6,2024/12/31
The King of Fighters 98,拳皇98,1998,Arcade,6,2024/12/31
The Past Within,,2022,PC,6,2024/12/31
The Pedestrian,步行者,2020,PC,6,2024/12/31
The Sequence,序列,2015,Mobile,6,2024/12/31
The Sojourn,旅居,2019,PC,6,2024/12/31
The Spectrum Retreat,光谱撤退,2018,PC,6,2024/12/31
The Talos Principle,塔罗斯的法则,2014,PC,6,2024/12/31
theHunter: Call of the Wild,猎人：荒野的召唤,2017,PC,6,2024/12/31
There Is No Game,根本没有游戏,2015,Mobile,6,2024/12/31
This War of Mine,这是我的战争,2014,Mobile,6,2024/12/31
Totally Accurate Battle Simulator,全面战争模拟器,2019,PC,6,2024/12/31
Townscaper,城镇叠叠乐,2021,PC,6,2024/12/31
Trek to Yomi,黄泉之路,2022,PC,6,2024/12/31
Trick Shot,,2015,Mobile,6,2024/12/31
Tricky Towers,,2016,PC,6,2024/12/31
Twin Mirror,双子幻境,2021,PC,6,2024/12/31
Ultimate Chicken Horse,超级鸡马,2016,PC,6,2024/12/31
Undertale,传说之下,2015,PC,6,2024/12/31
Valheim,英灵神殿,2021,PC,6,2024/12/31
voi,,2017,Mobile,6,2024/12/31
Voice of Cards できそこないの巫女,卡牌之声 不成器之巫女,2022,PC,6,2024/12/31
WACCA,华卡音舞,2019,Arcade,6,2024/12/31
Where's My Water?,鳄鱼小顽皮爱洗澡,2011,Mobile,6,2024/12/31
Where's My Water? 2,鳄鱼小顽皮爱洗澡2,2013,Mobile,6,2024/12/31
while True: learn(),,2019,PC,6,2024/12/31
World War Z,僵尸世界大战,2019,PC,6,2024/12/31
yellow,黄,2018,Mobile,6,2024/12/31
Zengrams,方块拼凑,2014,Mobile,6,2024/12/31
まいてつ -Pure Station-,爱上火车 -Pure Station-,2018,PC,6,2024/12/31
爆弾男,炸弹人,1983,FC,6,2024/12/31
不可思议乐队,/,2019,Mobile,6,2024/12/31
超时空方舟,/,2019,PC,6,2024/12/31
初音速,/,2017,Mobile,6,2024/12/31
初音未来：梦幻歌姬,/,2018,Mobile,6,2024/12/31
東方ダンマクカグラ,东方弹幕神乐,2021,Mobile,6,2024/12/31
火山的女儿,/,2023,PC,6,2024/12/31
绝区零,/,2024,PC,6,2024/12/31
零 ～濡鸦ノ巫女～,零 ～濡鸦之巫女～,2014,PC,6,2024/12/31
盲点,/,2020,VR,6,2024/12/31
美少女万華鏡 -罪と罰の少女-,美少女万华镜 -罪与罚的少女-,2017,PC,6,2024/12/31
迷失岛2：时间的灰烬,/,2018,PC,6,2024/12/31
明日方舟,/,2019,Mobile,6,2024/12/31
雀魂麻将,/,2020,PC,6,2024/12/31
说剑,/,2016,Mobile,6,2024/12/31
午前五時にピアノを弾く,清晨五时的钢琴,2023,PC,6,2024/12/31
舞立方,/,2013,Arcade,6,2024/12/31
星のカービィ ロボボプラネット,星之卡比 机械行星,2016,3DS,6,2024/12/31
重构,/,2022,PC,6,2024/12/31
>observer_,>观察者_,2017,PC,5,2024/12/31
A Plague Tale: Innocence,瘟疫传说：无罪,2019,PC,5,2024/12/31
A=B,/,2022,PC,5,2024/12/31
ABYSS OF THE SACRIFICE,密室的祭品,2020,PC,5,2024/12/31
AER Memories of Old,AER: 古老的记忆,2017,PC,5,2024/12/31
Agence,事务所,2020,VR,5,2024/12/31
Ancestors: The Humankind Odyssey,先祖：人类奥德赛,2019,PC,5,2024/12/31
Asphalt 6: Adrenaline,狂野飙车6：火线追击,2010,Mobile,5,2024/12/31
Asphalt 7: Heat,狂野飙车7：极速热力,2012,Mobile,5,2024/12/31
Badland,迷失之地,2013,Mobile,5,2024/12/31
BanG Dream! Girls Band Party!,梦想协奏曲! 少女乐团派对!,2017,Mobile,5,2024/12/31
Battle Block Theater,战斗方块剧场,2014,PC,5,2024/12/31
Battle City,坦克大战,1985,FC,5,2024/12/31
Blek,手指画线,2014,Mobile,5,2024/12/31
Botany Manor,波坦尼庄园,2024,PC,5,2024/12/31
Brawlhalla,格斗哈拉,2017,PC,5,2024/12/31
Break the Game,打破游戏,2019,PC,5,2024/12/31
Bridge Constructor: The Walking Dead,桥梁工程师：行尸走肉,2020,PC,5,2024/12/31
Call of the Wild: The Angler,荒野的召唤：垂钓者,2022,PC,5,2024/12/31
Chained Together,链在一起,2024,PC,5,2024/12/31
Chameleon Run,极速变色龙,2016,Mobile,5,2024/12/31
Cloud Climber,攀云者,2021,PC,5,2024/12/31
CODE VEIN,嗜血代码,2019,PC,5,2024/12/31
Coloring Game 3,染色游戏3,2020,PC,5,2024/12/31
Counter Strike: Global Offensive,反恐精英：全球攻势,2012,PC,5,2024/12/31
Cube Escape: Seasons,方块逃脱：四季,2015,Mobile,5,2024/12/31
Dance Rail Refresh,,2017,Mobile,5,2024/12/31
Dancing Line,跳舞的线,2016,Mobile,5,2024/12/31
DayZ,,2013,PC,5,2024/12/31
Deepest Sword,最深之剑,2021,PC,5,2024/12/31
Don't Starve: Shipwrecked,饥荒：海难,2015,Mobile,5,2024/12/31
Doodle Creatures,涂鸦生物,2014,Mobile,5,2024/12/31
Emily is Away,艾米莉已下线,2015,PC,5,2024/12/31
English Country Tune,,2011,PC,5,2024/12/31
Farming Simulator 19,农场模拟器19,2017,PC,5,2024/12/31
Finger Hero,指尖英雄,2016,Mobile,5,2024/12/31
Fishing & Life,钓鱼人生,2019,Mobile,5,2024/12/31
Game Dev Story,游戏开发物语,1997,PC,5,2024/12/31
Geometry Dash World,几何冲刺：世界,2016,Mobile,5,2024/12/31
Goodbye Mr. Octopus,再见，章鱼先生,2020,VR,5,2024/12/31
Hachi Hachi,八音节奏,2016,Mobile,5,2024/12/31
Hardspace: Shipbreaker,迷走深空：碎舰师,2022,PC,5,2024/12/31
Hexceed,十六进制,2021,PC,5,2024/12/31
hocus.,,2015,Mobile,5,2024/12/31
HOOK,钩子,2015,Mobile,5,2024/12/31
Horace,贺拉斯,2019,PC,5,2024/12/31
I Wanna Be The Guy: Gaiden,,2012,PC,5,2024/12/31
KAMI 2,纸2,2017,Mobile,5,2024/12/31
klocki,,2016,Mobile,5,2024/12/31
Left 4 Dead 2,求生之路2,2009,PC,5,2024/12/31
Lethal Company,致命公司,2023,PC,5,2024/12/31
Lethe,忘却之声,2017,Mobile,5,2024/12/31
Love Tou To Bits,爱你，每一块碎片,2016,Mobile,5,2024/12/31
Lume,,2011,Mobile,5,2024/12/31
Manor Lords,庄园领主,2024,PC,5,2024/12/31
Milk inside a bag of milk inside a bag of milk,牛奶袋中袋中牛奶,2020,PC,5,2024/12/31
Mini Metro,迷你地铁,2015,Mobile,5,2024/12/31
Mirror,魔镜,2018,PC,5,2024/12/31
Moonlighter,夜勤人,2018,PC,5,2024/12/31
Neon Beats,霓虹节拍,2019,PC,5,2024/12/31
Never Alone: Ki Edition,永不孤单,2016,Mobile,5,2024/12/31
Ninja Gaiden,忍者龙剑传,1988,FC,5,2024/12/31
One Step From Eden,伊甸之路,2020,PC,5,2024/12/31
Orwell,奥威尔,2016,PC,5,2024/12/31
Outfolded,延展方块,2016,Mobile,5,2024/12/31
OutRun2,,2003,Arcade,5,2024/12/31
Oxygen Not Included,缺氧,2017,PC,5,2024/12/31
Phigros,,2019,Mobile,5,2024/12/31
"Pokémon Let's Go, Pikachu!",宝可梦 Let's Go! 皮卡丘,2018,NS,5,2024/12/31
polytone,,2018,Mobile,5,2024/12/31
Q.U.B.E. 2,,2018,PC,5,2024/12/31
Recompile,再编译,2021,PC,5,2024/12/31
Reflect Beat+,动感弹珠+,2013,Mobile,5,2024/12/31
Rento Fortune,大富翁,2017,PC,5,2024/12/31
Retrowave,复古波,2020,PC,5,2024/12/31
Sakura Agent,樱花特工,2017,PC,5,2024/12/31
Sayonara Wild Hearts,再见狂野之心,2019,PC,5,2024/12/31
Skul: The Hero Slayer,小骨：英雄杀手,2021,PC,5,2024/12/31
Small Radios Big Televisions,小收音机大电视,2016,PC,5,2024/12/31
Smash Hit,粉碎冲击,2014,Mobile,5,2024/12/31
Sons Of The Forest,森林之子,2023,PC,5,2024/12/31
Spelunky,洞穴探险,2013,PC,5,2024/12/31
Still Wakes the Deep,觉醒深渊,2024,PC,5,2024/12/31
Subverse,,2021,PC,5,2024/12/31
Subway Surfers,地铁跑酷,2012,Mobile,5,2024/12/31
Super Sharp,锋刃,2016,Mobile,5,2024/12/31
Surviving Mars,火星求生,2018,PC,5,2024/12/31
takt op. 運命は真紅き旋律の街を,宿命回响：弦上的叹息,2023,Mobile,5,2024/12/31
Terraria,泰拉瑞亚,2011,PC,5,2024/12/31
Thanks for Playing,感谢游玩,2013,Mobile,5,2024/12/31
The Basement Collection,地下室游戏合集,2012,PC,5,2024/12/31
The Complex,复体,2020,PC,5,2024/12/31
The First Tree,第一棵树,2017,PC,5,2024/12/31
The Graveyard,墓园,2008,PC,5,2024/12/31
The Guide Axiom,指南：公理,2017,Mobile,5,2024/12/31
The Looker,,2022,PC,5,2024/12/31
The Room,未上锁的房间,2015,Mobile,5,2024/12/31
The Treasures of Montezuma 4,蒙特祖玛的宝藏4,2013,PC,5,2024/12/31
TroubleDays,,2020,PC,5,2024/12/31
Ultimate Fishing Simulator 2,终极钓鱼模拟器2,2022,PC,5,2024/12/31
UNBEATABLE [white label],,2021,PC,5,2024/12/31
Unheard,疑案追声,2019,PC,5,2024/12/31
URBO: Dream One,浮城：初梦,2023,PC,5,2024/12/31
Where The Water Tastes Like Wine,彼处水如酒,2018,PC,5,2024/12/31
White Night,白夜,2015,Mobile,5,2024/12/31
Zion,载音,2015,Mobile,5,2024/12/31
みんなで空気読み。,大家一起观颜察色。,2020,PC,5,2024/12/31
百英雄伝,百英雄传,2024,PC,5,2024/12/31
大富翁10,/,2019,PC,5,2024/12/31
互联网原住民,/,2022,PC,5,2024/12/31
龍が如く0,如龙0,2015,PC,5,2024/12/31
漫长旅途,/,2016,Mobile,5,2024/12/31
神狱塔 メアリスケルター2,神狱塔：断罪玛丽2,2019,NS,5,2024/12/31
太鼓の達人,太鼓达人,2001,Arcade,5,2024/12/31
太鼓の達人 Nintendo Switchば～じょん！,太鼓达人 Nintendo Switch版!,2018,NS,5,2024/12/31
湾岸Midnight Maximum Tune,,2001,Arcade,5,2024/12/31
妄想症：Deliver Me,/,2018,PC,5,2024/12/31
我的文明,/,2016,Mobile,5,2024/12/31
物种起源,/,2017,Mobile,5,2024/12/31
一起优诺,/,2020,Mobile,5,2024/12/31
音灵,/,2018,PC,5,2024/12/31
淫らな魔窟の探索者,淫乱魔窟的探索者,2022,PC,5,2024/12/31
隐匿按钮,/,2020,Mobile,5,2024/12/31
隐形守护者,/,2019,PC,5,2024/12/31
原点计划, /,2022,NS,5,2024/12/31
原神,/,2020,PC,5,2024/12/31
3 out of 10,十分之三,2020,PC,4,2024/12/31
Angry Birds Rio,愤怒的小鸟：里约,2011,Mobile,4,2024/12/31
Assassin's Creed: Identity,刺客信条：本色,2015,Mobile,4,2024/12/31
Assassin's Creed: Pirates,刺客信条：海盗,2016,Mobile,4,2024/12/31
BirdGut,鸟肠,2019,PC,4,2024/12/31
Bit Orchard: Animal Valley,比特奥查德：动物谷,2021,NS,4,2024/12/31
Blackbox,黑盒,2020,Mobile,4,2024/12/31
City of Brass,黄铜之城,2018,PC,4,2024/12/31
cut,,2017,Mobile,4,2024/12/31
D4DJ Groovy Mix,,2020,Mobile,4,2024/12/31
Dungeons of Hinterberg,辛特堡传说,2024,PC,4,2024/12/31
Electronic Super Joy 2,电子超快感2,2019,PC,4,2024/12/31
e舞成名,/,2011,Arcade,4,2024/12/31
Figment,虚构世界,2017,PC,4,2024/12/31
Find the Line,彩线拼图,2020,Mobile,4,2024/12/31
Getting Over It with Bennett Foddy,与本尼弗雷德一起攻克难关,2017,PC,4,2024/12/31
GITADORA,吉他高手和狂热鼓手,2013,Arcade,4,2024/12/31
Hacknet,黑客网络,2015,PC,4,2024/12/31
Hitman GO,杀手：GO,2014,Mobile,4,2024/12/31
House of the Dead: Scarlet Dawn,死亡之屋：猩红黎明,2018,Arcade,4,2024/12/31
Logic Traces,逻辑连线,2016,Mobile,4,2024/12/31
Meadow,草原,2016,PC,4,2024/12/31
Metal Slug Defence,合金弹头：塔防,2015,PC,4,2024/12/31
Minit,,2018,PC,4,2024/12/31
Mitos.is: The Game,有丝分裂,2015,PC,4,2024/12/31
Mizi NO!,Mizi不要！,2024,PC,4,2024/12/31
Monster Hunter: World,怪物猎人：世界,2018,PC,4,2024/12/31
Nihilumbra,诅咒世界大冒险,2013,PC,4,2024/12/31
NinJump,忍者跳跃,2010,Mobile,4,2024/12/31
osu!droid,,2015,Mobile,4,2024/12/31
PinOut!,,2016,Mobile,4,2024/12/31
Plants vs. Zombies 2,植物大战僵尸2,2013,Mobile,4,2024/12/31
Pokémon Quest,宝可梦大探险,2018,Mobile,4,2024/12/31
Polysphere,多边球,2020,Mobile,4,2024/12/31
Puzzle - LINES AND KNOTS,谜题 - 线与结,2020,PC,4,2024/12/31
Railway Empire,铁路帝国,2018,PC,4,2024/12/31
RiME,,2017,PC,4,2024/12/31
Rusty Lake Hotel,锈湖：旅馆,2016,PC,4,2024/12/31
Seashine,深海之光,2016,Mobile,4,2024/12/31
Serial Experiments Lain,玲音,1998,PS,4,2024/12/31
SimCity BuildIt,模拟城市：我是市长,2017,Mobile,4,2024/12/31
Super Phantom Cat 2,超级幻影猫2,2017,Mobile,4,2024/12/31
Sword Art Online: Lost Song,刀剑神域：失落之歌,2018,PC,4,2024/12/31
Telepaint,油漆桶大冒险,2017,Mobile,4,2024/12/31
The Shapeshifting Detective,化身侦探,2018,PC,4,2024/12/31
The Town of Light,暮光小镇,2016,PC,4,2024/12/31
Tormentor X Punisher,折磨者X惩罚者,2017,PC,4,2024/12/31
Yooka-Laylee and the Impossible Lair,尤卡莱莉与无望巢穴,2019,PC,4,2024/12/31
Zip-Zap,,2017,Mobile,4,2024/12/31
ナビつき! つくってわかる はじめてゲームプログラミング,附带导航！一做就上手 第一次的游戏程式设计,2021,NS,4,2024/12/31
保卫萝卜,/,2012,Mobile,4,2024/12/31
拣·爱,/,2021,PC,4,2024/12/31
节奏大师,/,2012,Mobile,4,2024/12/31
旅かえる,旅行青蛙,2017,Mobile,4,2024/12/31
缪斯计划,/,2016,Mobile,4,2024/12/31
神之国的魔法使,/,2022,PC,4,2024/12/31
跳舞的线,/,2016,Mobile,4,2024/12/31
选王之剑,/,2022,PC,4,2024/12/31
异常,/,2019,PC,4,2024/12/31
元气骑士,/,2017,Mobile,4,2024/12/31
做个好梦,/,2021,PC,4,2024/12/31
Antimatter Dimensions,反物质维度,2022,PC,3,2024/12/31
Arctico,北极,2022,PC,3,2024/12/31
BeatEVO YG,节奏大爆炸,2017,Mobile,3,2024/12/31
Blueprint Tycoon,蓝图大亨,2016,PC,3,2024/12/31
Commute,拒绝上班,2015,Mobile,3,2024/12/31
E.Z,,2018,PC,3,2024/12/31
Flappy Bird,飞扬的小鸟,2013,Mobile,3,2024/12/31
Gal*Gun 2,少女☆射击2,2018,PC,3,2024/12/31
Heart Maze,迷失立方,2017,Mobile,3,2024/12/31
illi,,2017,Mobile,3,2024/12/31
Sono,,2020,PC,3,2024/12/31
Super Meat Boy Forever,超级食肉男孩：永恒,2020,PC,3,2024/12/31
Teeworlds,,2007,PC,3,2024/12/31
みんな大好き塊魂アンコール+ 王様プチメモリー,人见人爱的块魂 安可+ 国王大人的小小回忆,2023,PC,3,2024/12/31
第七号列车,/,2021,PC,3,2024/12/31
箭箭剑,/,2023,PC,3,2024/12/31
完蛋！我被美女包围了！,/,2023,PC,3,2024/12/31
唯舞獨尊2,/,2009,Arcade,3,2024/12/31
阴阳师,/,2016,Mobile,3,2024/12/31
找你妹,/,2012,Mobile,3,2024/12/31
Beat Stomper,节奏破坏者,2016,Mobile,2,2024/12/31
Escape the Game,逃离游戏,2016,PC,2,2024/12/31
Give It Up! 2,永不言弃2,2016,Mobile,2,2024/12/31
Il Dubbio - Episode 1,疑问 第一集,2020,VR,2,2024/12/31
League of Legends,英雄联盟,2009,PC,2,2024/12/31
Metal Slug 3D,合金弹头3D,2006,PS2,2,2024/12/31
Mirror 2: Project X,魔镜2：X计划,2022,PC,2,2024/12/31
捕鱼达人,/,2009,Mobile,2,2024/12/31
鼓萌,/,2021,Arcade,2,2024/12/31
Alchemia,炼金术,2018,PC,1,2024/12/31
Impossible Road,无解之路,2016,Mobile,1,2024/12/31
Into the Gloom,陷入黑暗,2015,PC,1,2024/12/31
OLDTV,老电视,2018,Mobile,1,2024/12/31
Transformice,变形金鼠,2015,PC,1,2024/12/31
三色△绘恋 TrueEnd,/,2022,PC,1,2024/12/31
Floating Point,浮点,2014,PC,1,2024/12/31
风子,/,2015,Mobile,1,2024/12/31
Triple Jump,三段跳,2016,Mobile,1,2024/12/31
Zup! 2,,2016,PC,0,2024/12/31
