åç§°,ä¸­è¯‘å,å¹´ä»½,å¹³å°,æ¨èæŒ‡æ•°,æ·»åŠ æ—¶é—´
13 Sentinels: Aegis Rim,åä¸‰æœºå…µé˜²å«åœˆ,2019,NS,10,2022
Baba Is You,å·´å·´æ˜¯ä½ ,2019,PC,10,â‰¤2020
Cytus,éŸ³ä¹ä¸–ç•Œ,2012,Mobile,10,â‰¤2020
Cytus II,éŸ³ä¹ä¸–ç•ŒII,2018,Mobile,10,â‰¤2020
Detroit: Become Human,åº•ç‰¹å¾‹ï¼šåŒ–èº«ä¸ºäºº,2018,PC,10,â‰¤2020
Factorio,å¼‚æ˜Ÿå·¥å‚,2016,PC,10,â‰¤2020
FINAL FANTASY VII REMAKE,æœ€ç»ˆå¹»æƒ³VII é‡åˆ¶,2020,PC,10,2022
Metal Slug 3,åˆé‡‘å¼¹å¤´3,2000,Arcade,10,â‰¤2020
Minecraft,æˆ‘çš„ä¸–ç•Œ,2009,PC,10,â‰¤2020
NieR:Automata,å°¼å°”ï¼šè‡ªåŠ¨äººå½¢,2017,PC,10,â‰¤2020
Night in the Woods,æ—ä¸­ä¹‹å¤œ,2017,PC,10,â‰¤2020
PokÃ©mon Platinum,å®å¯æ¢¦ ç™½é‡‘,2008,NDS,10,â‰¤2020
ã‚¼ãƒ«ãƒ€ã®ä¼èª¬ Tears of the Kingdom,å¡å°”è¾¾ä¼ è¯´ ç‹å›½ä¹‹æ³ª,2023,NS,10,2023
7 Billion Humans,70äº¿äººç±»,2018,PC,9,â‰¤2020
ANIMAL WELL,åŠ¨ç‰©äº•,2024,PC,9,2024
Balatro,å°ä¸‘ç‰Œ,2024,PC,9,2024
Chunithm NEW!!,ä¸­äºŒèŠ‚å¥NEW!!,2021,Arcade,9,2022
Control,æ§åˆ¶,2019,PC,9,â‰¤2020
Cytus Î±,éŸ³ä¹ä¸–ç•ŒÎ±,2019,NS,9,2021
DEATH STRANDING,æ­»äº¡ææµ…,2019,PC,9,â‰¤2020
DEEMO,å¤æ ‘æ—‹å¾‹,2013,Mobile,9,â‰¤2020
Doodle God,æ¶‚é¸¦ä¸Šå¸,2010,Mobile,9,â‰¤2020
Enter the Gungeon,æªå¼¹åœ°ç‰¢,2016,PC,9,â‰¤2020
FINAL FANTASY VII REBIRTH,æœ€ç»ˆå¹»æƒ³VII é‡ç”Ÿ,2024,PS5,9,2024
Genesis Noir,é»‘è‰²èµ·æº,2021,PC,9,2023
Hades,å“ˆè¿ªæ–¯,2018,PC,9,â‰¤2020
Her Story,å¥¹çš„æ•…äº‹,2015,PC,9,2024
Hi-Fi RUSH,å®Œç¾éŸ³æµª,2023,PC,9,2023
Inscryption,é‚ªæ¶å†¥åˆ»,2021,PC,9,2023
Leap Year,é—°è·ƒä¹‹å¹´,2024,PC,9,2024
Little Nightmares II,å°å°æ¢¦é­‡II,2021,PC,9,2023
maimai DX,èˆèŒDX,2019,Arcade,9,â‰¤2020
Mario Party Superstars,é©¬åŠ›æ¬§æ´¾å¯¹ è¶…çº§å·¨æ˜Ÿ,2021,NS,9,2022
Metal Slug 6,åˆé‡‘å¼¹å¤´6,2006,PS2,9,â‰¤2020
Metal Slug X,åˆé‡‘å¼¹å¤´X,1999,Arcade,9,â‰¤2020
Metaphor: ReFantazio,æš—å–»å¹»æƒ³ï¼šReFantazio,2024,PC,9,2024
Metroid Dread,å¯†ç‰¹ç½—å¾· ç”Ÿå­˜ææƒ§,2021,NS,9,2021
Metroid Prime Remastered,å¯†ç‰¹ç½—å¾· ç©¶æ å¤åˆ»ç‰ˆ,2023,NS,9,2023
Minesweeper,æ‰«é›·,1992,PC,9,â‰¤2020
Narcissu,æ°´ä»™,2005,PC,9,â‰¤2020
OCTOPATH TRAVELER II,å…«æ–¹æ—…äººII,2023,NS,9,2024
OMORI,,2020,PC,9,2022
Ori and the Blind Forest,å¥¥é‡Œä¸é»‘æš—æ£®æ—,2016,PC,9,â‰¤2020
Ori and the Will of Wisps,å¥¥é‡Œä¸è¤ç«æ„å¿—,2020,PC,9,â‰¤2020
PÃ¢querette Down the Bunburrows,å¸•æ ¼ä¸½è¿›å…¥å…”å­æ´,2023,PC,9,2024
Patrick's Parabox,å¸•ç‰¹é‡Œå…‹æ‚–è®ºç›’,2022,PC,9,2022
Persona 5 the Royal,å¥³ç¥å¼‚é—»å½•5 çš‡å®¶ç‰ˆ,2019,PC,9,2022
Plants vs. Zombies,æ¤ç‰©å¤§æˆ˜åƒµå°¸,2009,PC,9,â‰¤2020
PokÃ©mon Go,å®å¯æ¢¦ Go,2016,Mobile,9,â‰¤2020
PokÃ©mon Legends: Arceus,å®å¯æ¢¦ä¼ è¯´ é˜¿å°”å®™æ–¯,2022,NS,9,2022
PokÃ©mon SoulSilver,å®å¯æ¢¦ é­‚é“¶,2009,NDS,9,â‰¤2020
Portal 2,ä¼ é€é—¨2,2011,PC,9,â‰¤2020
Satisfactory,å¹¸ç¦å·¥å‚,2019,PC,9,â‰¤2020
Sekiro: Shadows Die Twice,åªç‹¼ï¼šå½±é€äºŒåº¦,2019,PC,9,2024
STEINS;GATE,å‘½è¿çŸ³ä¹‹é—¨,2009,PC,9,â‰¤2020
Stephen's Sausage Roll,å²è’‚èŠ¬çš„é¦™è‚ å·,2016,PC,9,â‰¤2020
Super Mario Bros. Wonder,è¶…çº§é©¬åŠ›æ¬§å…„å¼Ÿ æƒŠå¥‡,2023,NS,9,2023
Super Mario Odyssey,è¶…çº§é©¬åŠ›æ¬§ å¥¥å¾·èµ›,2017,NS,9,2021
Super Meat Boy,è¶…çº§é£Ÿè‚‰ç”·å­©,2010,PC,9,â‰¤2020
Tales of Arise,ç ´æ™“ä¼ è¯´,2021,PC,9,2021
The Binding of Isaac: Rebirth,ä»¥æ’’çš„ç»“åˆï¼šé‡ç”Ÿ,2014,PC,9,2021
The Red Strings Club,çº¢å¼¦ä¿±ä¹éƒ¨,2018,PC,9,2022
The Sims 4,æ¨¡æ‹Ÿäººç”Ÿ4,2014,PC,9,â‰¤2020
The Stanley Parable,å²ä¸¹åˆ©çš„å¯“è¨€,2013,PC,9,â‰¤2020
The Stanley Parable: Ultra Deluxe,å²ä¸¹åˆ©çš„å¯“è¨€ï¼šè¶…è±ªåç‰ˆ,2022,PC,9,2023
VVVVVV,,2010,PC,9,2024
World of Goo,ç²˜ç²˜ä¸–ç•Œ,2008,PC,9,â‰¤2020
ã‚ã¤ã¾ã‚Œ ã©ã†ã¶ã¤ã®æ£®,é›†åˆå•¦ï¼åŠ¨ç‰©æ£®å‹ä¼š,2020,NS,9,2021
ãƒ©ã‚¤ã‚¶ã®ã‚¢ãƒˆãƒªã‚¨ ï½å¸¸æš—ã®å¥³ç‹ã¨ç§˜å¯†ã®éšã‚Œå®¶ï½,è±èçš„ç‚¼é‡‘å·¥æˆ¿ ï½å¸¸æš—å¥³ç‹ä¸ç§˜å¯†è—èº«å¤„ï½,2019,PC,9,â‰¤2020
ãƒ©ã‚¤ã‚¶ã®ã‚¢ãƒˆãƒªã‚¨2 ï½å¤±ã‚ã‚ŒãŸä¼ æ‰¿ã¨ç§˜å¯†ã®å¦–ç²¾ï½,è±èçš„ç‚¼é‡‘å·¥æˆ¿2 ï½å¤±è½ä¼ è¯´ä¸ç§˜å¯†å¦–ç²¾ï½,2020,PC,9,2021
æ³¡æ²«å†¬æ™¯,/,2020,PC,9,â‰¤2020
æ˜Ÿã®ã‚«ãƒ¼ãƒ“ã‚£ é¡ã®å¤§è¿·å®®,æ˜Ÿä¹‹å¡æ¯” é•œä¹‹å¤§è¿·å®«,2004,GBA,9,â‰¤2020
3D Pinball,ä¸‰ç»´å¼¹çƒ,1995,PC,8,â‰¤2020
A Monster's Expedition,æ€ªå…½è¿œå¾,2020,PC,8,2021
Airborne Kingdom,ç©ºä¸­ç‹å›½,2020,PC,8,2023
Alan Wake 2,å¿ƒçµæ€æ‰‹2,2023,PC,8,2024
Angry Birds,æ„¤æ€’çš„å°é¸Ÿ,2009,Mobile,8,â‰¤2020
Angry Birds Seasons,æ„¤æ€’çš„å°é¸Ÿï¼šå­£èŠ‚ç‰ˆ,2010,Mobile,8,â‰¤2020
Angry Birds Space,æ„¤æ€’çš„å°é¸Ÿï¼šå¤ªç©ºç‰ˆ,2012,Mobile,8,â‰¤2020
As Dusk Falls,æ—¥è½é»„æ˜æ—¶,2022,PC,8,2023
Astro's Playroom,å®‡å®™æœºå™¨äººæ— çº¿æ§åˆ¶å™¨ä½¿ç”¨æŒ‡å—,2020,PS5,8,2024
Baldur's Gate 3,åšå¾·ä¹‹é—¨3,2020,PC,8,2023
Bonfire Peaks,ç¯ç«å±±å³°,2021,PC,8,2021
Bridge Constructor Portal,æ¡¥æ¢å·¥ç¨‹å¸ˆï¼šä¼ é€é—¨,2017,PC,8,â‰¤2020
Carto,æ— å°½æ—…å›¾,2020,PC,8,2021
Chants of Sennaar,å·´åˆ«å¡”åœ£æ­Œ,2023,PC,8,2024
CHAOS;CHILD,æ··æ²Œä¹‹å­,2014,PC,8,â‰¤2020
Chicory: A Colorful Tale,å°èŠè‹£ï¼šå……æ»¡è‰²å½©çš„æ•…äº‹,2021,PC,8,2023
Chrono Trigger,æ—¶ç©ºä¹‹è½®,1995,PC,8,2024
Citizen Sleeper,æ·±ç©ºæ¢¦é‡Œäºº,2022,PC,8,2024
Cocoon,èŒ§,2023,PC,8,2023
Coffee Talk,å’–å•¡å¿ƒè¯­,2020,PC,8,â‰¤2020
Crayon Physics Deluxe,èœ¡ç¬”ç‰©ç†å­¦ï¼šè±ªåç‰ˆ,2009,PC,8,â‰¤2020
Cult of the Lamb,å’©å’©å¯ç¤ºå½•,2022,PC,8,2023
Cuphead,èŒ¶æ¯å¤´,2017,PC,8,2024
Cyberpunk 2077,èµ›åšæœ‹å…‹2077,2020,PC,8,â‰¤2020
Dance Dance Revolution,åŠ²èˆé©å‘½,1998,Arcade,8,2023
DEEMO II,èŠ±é›¨æ—‹å¾‹,2022,Mobile,8,2022
DEEMO -Reborn-,å¤æ ‘æ—‹å¾‹ -é‡ç”Ÿ-,2019,PC,8,â‰¤2020
Disco Elysium,æä¹è¿ªæ–¯ç§‘,2019,PC,8,â‰¤2020
Distraint,æ‰£æŠ¼,2015,PC,8,â‰¤2020
Doodle Jump,æ¶‚é¸¦è·³è·ƒ,2009,Mobile,8,â‰¤2020
Duck Game,é¸­ç‹äº‰éœ¸,2015,PC,8,â‰¤2020
Dungeons & Degenerate Gamblers,å •è½èµŒå¾’ä¸åœ°ä¸‹åŸ,2024,PC,8,2024
Elden Ring,è‰¾å°”ç™»æ³•ç¯,2022,PC,8,2022
Feeding Frenzy 2,å¤§é±¼åƒå°é±¼2,2006,PC,8,â‰¤2020
Fez,,2013,PC,8,â‰¤2020
FINAL FANTASY XV,æœ€ç»ˆå¹»æƒ³XV,2016,PC,8,2021
Frog Fractions,é’è›™åˆ†æ•°,2012,PC,8,â‰¤2020
Fruit Ninja,æ°´æœå¿è€…,2010,Mobile,8,â‰¤2020
Ghost Trick: Phantom Detective,å¹½çµè¯¡è®¡,2023,PC,8,2023
GRIS,,2018,PC,8,â‰¤2020
Human Resource Machine,äººåŠ›èµ„æºæœºå™¨,2015,Mobile,8,â‰¤2020
HUMANITY,äººç±»,2023,PC,8,2024
I Wanna Be The Guy,,2007,PC,8,â‰¤2020
ibb & obb,,2014,PC,8,â‰¤2020
Inside,å›šç¦,2016,PC,8,â‰¤2020
Isles of Sea and Sky,æµ·å¤©å²›ä¼ è¯´,2024,PC,8,2024
It Takes Two,åŒäººæˆè¡Œ,2021,PC,8,2021
Journey to the Savage Planet,ç‹‚é‡æ˜Ÿçƒä¹‹æ—…,2020,PC,7,â‰¤2020
Just Shapes & Beats,,2018,PC,8,2021
Late Shift,å¤œç­,2017,PC,8,â‰¤2020
Lifeline,ç”Ÿå‘½çº¿,2015,Mobile,8,â‰¤2020
Limbo,åœ°ç‹±è¾¹å¢ƒ,2011,PC,8,â‰¤2020
Little Nightmares,å°å°æ¢¦é­‡,2017,PC,8,â‰¤2020
Loop Hero,å¾ªç¯å‹‡å£«,2021,PC,8,2024
Lumino City,å…‰è¾‰ä¹‹åŸ,2014,Mobile,8,â‰¤2020
Manifold Garden,æµå½¢èŠ±å›­,2019,PC,8,2021
Mario Kart 8 Deluxe,é©¬åŠ›æ¬§èµ›è½¦8 è±ªåç‰ˆ,2017,NS,8,â‰¤2020
Mario Tennis Aces,é©¬åŠ›æ¬§ç½‘çƒ ç‹ç‰Œ,2018,NS,8,2022
Metal Slug,åˆé‡‘å¼¹å¤´,1996,Arcade,8,â‰¤2020
Metal Slug 5,åˆé‡‘å¼¹å¤´5,2003,Arcade,8,â‰¤2020
Metal Slug XX,åˆé‡‘å¼¹å¤´XX,2009,PSP,8,â‰¤2020
Monument Valley,çºªå¿µç¢‘è°·,2014,Mobile,8,â‰¤2020
Move or Die,ä¸åŠ¨å³æ­»,2016,PC,8,â‰¤2020
Muse Dash,å–µæ–¯å¿«è·‘,2018,Mobile,8,â‰¤2020
Mutazione,å˜å¼‚å°é•‡,2019,PC,8,â‰¤2020
NEEDY GIRL OVERDOSE,ä¸»æ’­å¥³å­©é‡åº¦ä¾èµ–,2022,PC,8,2022
New Super Mario Bros. U Deluxe,New è¶…çº§é©¬åŠ›æ¬§å…„å¼ŸU è±ªåç‰ˆ,2019,NS,8,2022
NieR Replicant ver.1.22474487139...,å°¼å°” äººå·¥ç”Ÿå‘½ ver.1.22474487139...,2021,PC,8,2021
Nintendo Switch Sports,Nintendo Switch è¿åŠ¨,2022,NS,8,2022
OCTOPATH TRAVELER,å…«æ–¹æ—…äºº,2019,PC,8,2024
OverRapid,,2016,Mobile,8,â‰¤2020
"Papers, Please",è¯·å‡ºç¤ºè¯ä»¶,2013,PC,8,2024
Persona 3 Reload,å¥³ç¥å¼‚é—»å½•3 Reload,2024,PC,8,2024
Pikmin 3,çš®å…‹æ•3,2013,NS,8,2024
Pikmin 4,çš®å…‹æ•4,2023,NS,8,2024
Platypus,é»åœŸæˆ˜æœº,2002,PC,8,â‰¤2020
PokÃ©mon Alpha Saphhire,å®å¯æ¢¦ å§‹æºè“å®çŸ³,2014,3DS,8,â‰¤2020
PokÃ©mon Black 2,å®å¯æ¢¦ é»‘2,2012,NDS,8,â‰¤2020
PokÃ©mon Emerald,å®å¯æ¢¦ ç»¿å®çŸ³,2004,GBA,8,â‰¤2020
PokÃ©mon Violet,å®å¯æ¢¦ ç´«,2022,NS,8,2022
Poly Bridge 2,å¤šè¾¹æ¡¥2,2020,PC,8,â‰¤2020
Poly Bridge 3,å¤šè¾¹æ¡¥3,2023,PC,8,2024
Pong,,1972,Arcade,8,2023
Portal,ä¼ é€é—¨,2007,PC,8,2023
Project Sekai Colorful Stage! feat. åˆéŸ³ãƒŸã‚¯,ä¸–ç•Œè®¡åˆ’ ç¼¤çº·èˆå° feat. åˆéŸ³æœªæ¥,2020,Mobile,8,2022
Puddle Knights,æ°´å‘éª‘å£«,2020,PC,8,â‰¤2020
Quantum Break,é‡å­ç ´ç¢,2016,PC,8,â‰¤2020
Rabbit Rush,å°å…”å¿«è·‘,2013,PC,8,â‰¤2020
Rabi-Ribi,,2016,PC,8,2023
Ring Fit Adventure,å¥èº«ç¯å¤§å†’é™©,2019,NS,8,â‰¤2020
Risk of Rain 2,é›¨ä¸­å†’é™©2,2019,PC,8,â‰¤2020
Shady Part of Me,æˆ‘çš„é˜´æš—é¢,2020,PC,8,2022
ShellShock Live,,2015,PC,8,â‰¤2020
Sid Meier's Civilization VI,æ–‡æ˜6,2016,PC,8,â‰¤2020
SIGNALIS,ä¿¡å·,2022,PC,8,2023
Soccer Physics,è¶³çƒç‰©ç†,2014,Mobile,8,â‰¤2020
South of the Circle,æåœˆä»¥å—,2022,PC,8,2022
STEINS;GATE 0,å‘½è¿çŸ³ä¹‹é—¨0,2015,PC,8,2021
STEINS;GATE ELITE,å‘½è¿çŸ³ä¹‹é—¨ ç²¾è‹±,2019,PC,8,2021
Sticks And Bones,æ£ä¸éª¨,2019,PC,8,â‰¤2020
Storyteller,è¯´ä¹¦äºº,2023,PC,8,2023
Super Mario 3D World + Fury World,è¶…çº§é©¬åŠ›æ¬§ 3Dä¸–ç•Œ ï¼‹ ç‹‚æ€’ä¸–ç•Œ,2021,NS,8,2024
Super Mario 64,è¶…çº§é©¬åŠ›æ¬§64,1996,NS,8,2021
Super Mario Bros.,è¶…çº§é©¬åŠ›æ¬§å…„å¼Ÿ,1985,FC,8,â‰¤2020
Super Mario Galaxy,è¶…çº§é©¬åŠ›æ¬§é“¶æ²³,2007,NS,8,2021
Super Mario Party,è¶…çº§é©¬åŠ›æ¬§æ´¾å¯¹,2018,NS,8,â‰¤2020
Super Smash Bros. Ultimate,ä»»å¤©å ‚æ˜æ˜Ÿå¤§ä¹±æ–— ç‰¹åˆ«ç‰ˆ,2018,NS,8,â‰¤2020
Superliminal,è¶…é˜ˆé™ç©ºé—´,2019,PC,9,2021
Taiji,å¤ªæ,2022,PC,8,2022
Tandis,ä¸‡è±¡å˜æ¢,2022,PC,8,2022
Temple Run,ç¥åº™é€ƒäº¡,2012,Mobile,8,â‰¤2020
Tetris,ä¿„ç½—æ–¯æ–¹å—,1984,FC,8,â‰¤2020
The Binding of Isaac,ä»¥æ’’çš„ç»“åˆ,2011,PC,8,â‰¤2020
The End is Nigh,ç»ˆç»“å°†è‡³,2017,PC,9,â‰¤2020
The Outer Worlds,å¤©å¤–ä¸–ç•Œ,2019,PC,8,â‰¤2020
The Sims 3,æ¨¡æ‹Ÿäººç”Ÿ3,2009,PC,8,â‰¤2020
The Talos Principle 2,å¡”æ´›æ–¯çš„æ³•åˆ™2,2023,PC,8,2023
The Treasures of Montezuma,è’™ç‰¹ç¥–ç›çš„å®è—,2011,PC,8,â‰¤2020
The Witness,è§è¯è€…,2016,PC,8,â‰¤2020
VOEZ,å…°ç©º,2017,Mobile,8,â‰¤2020
Voice of Cards ãƒ‰ãƒ©ã‚´ãƒ³ã®å³¶,å¡ç‰Œä¹‹å£° é¾™å•¸ä¹‹å²›,2021,PC,8,2023
WILL: ç¾å¥½ä¸–ç•Œ,/,2017,PC,8,â‰¤2020
World of Goo 2,ç²˜ç²˜ä¸–ç•Œ2,2024,PC,8,2024
Wuppo,å·«æ³¡,2016,PC,8,â‰¤2020
Zwei: The Ilvard Insurrection,åŒæ˜Ÿç‰©è¯­II,2008,PC,8,â‰¤2020
ã‚¼ãƒ«ãƒ€ã®ä¼èª¬ Breath of the Wild,å¡å°”è¾¾ä¼ è¯´ æ—·é‡ä¹‹æ¯,2017,NS,8,â‰¤2020
ã‚½ãƒ•ã‚£ãƒ¼ã®ã‚¢ãƒˆãƒªã‚¨ã€œä¸æ€è­°ãªæœ¬ã®éŒ¬é‡‘è¡“å£«ã€œ DX,è‹è²çš„ç‚¼é‡‘å·¥æˆ¿ ï½ä¸å¯æ€è®®ä¹‹ä¹¦çš„ç‚¼é‡‘æœ¯å£«ï½ DX,2021,PC,8,2022
ãƒ‰ãƒ¼ãƒŠãƒ‰ãƒ¼ãƒŠ ã„ã£ã—ã‚‡ã«ã‚ã‚‹ã„ã“ã¨ã‚’ã—ã‚ˆã†,å¤šå¨œå¤šå¨œ ä¸€èµ·æ¥å¹²åäº‹å§,2020,PC,8,2021
ãƒãƒ«ã‚±ã¨ä¼èª¬ã®éŒ¬é‡‘è¡“å£«ãŸã¡ ï½æ–°ãŸãªå¤§åœ°ã®ã‚¢ãƒˆãƒªã‚¨ï½,å¥ˆå°”å…‹ä¸ä¼ è¯´çš„ç‚¼é‡‘æœ¯å£«ä»¬ ï½æ–°å¤§åœ°çš„ç‚¼é‡‘å·¥æˆ¿ï½,2018,PC,8,â‰¤2020
ãƒ©ã‚¤ã‚¶ã®ã‚¢ãƒˆãƒªã‚¨3 ï½çµ‚ã‚ã‚Šã®éŒ¬é‡‘è¡“å£«ã¨ç§˜å¯†ã®éµï½,è±èçš„ç‚¼é‡‘å·¥æˆ¿3 ï½ç»ˆç»“ä¹‹ç‚¼é‡‘æœ¯å£«ä¸ç§˜å¯†é’¥åŒ™ï½,2023,PC,8,2023
åˆéŸ³ãƒŸã‚¯ Project DIVA Arcade,åˆéŸ³æœªæ¥ Project DIVA è¡—æœºç‰ˆ,2010,Arcade,8,2023
åˆéŸ³ãƒŸã‚¯ Project DIVA MEGA39's+,åˆéŸ³æœªæ¥ Project DIVA MEGA39's+,2022,PC,8,2022
æˆ´æ£®çƒè®¡åˆ’,/,2021,PC,8,2021
é»‘ç¥è¯ï¼šæ‚Ÿç©º,/,2024,PC,8,2024
ç¬¼ä¸­çª¥æ¢¦,/,2021,PC,8,2023
ç¾å°‘å¥³ä¸‡è¯é¡ -ç†ã¨è¿·å®®ã®å°‘å¥³-,ç¾å°‘å¥³ä¸‡åé•œ -ç†ä¸è¿·å®«çš„å°‘å¥³-,2020,PC,8,â‰¤2020
ä¸‰ä¼,/,2023,PC,8,2023
ä¸‰è‰²â–³ç»˜æ‹S å‡è‹¥æ‹è‰²å«£çº¢,/,2021,PC,8,2021
ä¸–ç•Œã®ã‚¢ã‚½ãƒ“å¤§å…¨51,ä¸–ç•Œæ¸¸æˆå¤§å…¨51,2020,NS,8,â‰¤2020
åŒæ­¥éŸ³å¾‹å–µèµ›å…‹,/,2015,Mobile,8,â‰¤2020
é•ã†å†¬ã®ã¼ãã‚‰,ä¸åŒçš„å†¬å¤©,2023,PC,8,2023
å°ç™½å…”ç”µå•†,/,2021,PC,8,2022
æ˜Ÿã®ã‚«ãƒ¼ãƒ“ã‚£,æ˜Ÿä¹‹å¡æ¯”,1992,GB,8,2023
æ˜Ÿã®ã‚«ãƒ¼ãƒ“ã‚£ ãƒ‡ã‚£ã‚¹ã‚«ãƒãƒªãƒ¼,æ˜Ÿä¹‹å¡æ¯” æ¢ç´¢å‘ç°,2022,NS,8,2022
æ˜Ÿã®ã‚«ãƒ¼ãƒ“ã‚£ å¤¢ã®æ³‰ãƒ‡ãƒ©ãƒƒã‚¯ã‚¹,æ˜Ÿä¹‹å¡æ¯” æ¢¦ä¹‹æ³‰è±ªåç‰ˆ,2002,GBA,8,â‰¤2020
140,/,2013,PC,7,2023
(the) Gnorp Apologue,ç³¯ç±³å›¢å­å†ä»£è®°,2023,PC,7,2024
14ç§æ‰«é›·å˜ä½“,/,2022,PC,7,2023
14ç§æ‰«é›·å˜ä½“2,/,2024,PC,7,2024
7 Days to End with You,ä¸ƒæ—¥ä¸å›ç»ˆ,2022,PC,7,2023
A Dark Room,æš—å®¤,2013,Mobile,7,â‰¤2020
A Little to the Left,å¾€å·¦ä¸€ç‚¹,2022,PC,7,2024
A Short Hike,çŸ­é€”æ—…è¡Œ,2019,PC,7,â‰¤2020
ABRISS,ä¸€è§¦å³å‘,2022,PC,7,2022
ABZÃ›,,2016,PC,7,â‰¤2020
Afterdream,æ¢¦ä¸­å½±,2023,PC,7,2023
AI: The Somnium Files,AIï¼šæ¢¦å¢ƒæ¡£æ¡ˆ,2019,NS,7,â‰¤2020
And Yet It Moves,é‡åŠ›ä¸–ç•Œ,2009,PC,7,â‰¤2020
Angry Birds 2,æ„¤æ€’çš„å°é¸Ÿ2,2015,Mobile,7,â‰¤2020
Angry Birds Star Wars,æ„¤æ€’çš„å°é¸Ÿï¼šæ˜Ÿçƒå¤§æˆ˜,2012,Mobile,7,â‰¤2020
Angry Birds Star Wars II,æ„¤æ€’çš„å°é¸Ÿï¼šæ˜Ÿçƒå¤§æˆ˜2,2013,Mobile,7,â‰¤2020
Ape Out,çŒ¿äººè„±é€ƒ,2019,PC,7,â‰¤2020
Ashwalkers,çƒ¬åœŸè¡Œè€…,2021,PC,7,2023
Assassin's Creed: Brotherhood,åˆºå®¢ä¿¡æ¡ï¼šå…„å¼Ÿä¼š,2011,PC,7,â‰¤2020
Assemble with Care,ç”¨å¿ƒç»„è£…,2021,PC,7,2021
ASTLIBRA Revision,ç¥ä¹‹å¤©å¹³ Revision,2022,PC,7,2023
Astral Ascent,æ˜Ÿç•Œæˆ˜å£«,2022,PC,7,2023
Astral Chain,å¼‚ç•Œé”é“¾,2019,NS,7,â‰¤2020
BAD END THEATER,åç»“å±€å‰§é™¢,2021,PC,7,2022
Bad Piggies,æ£è›‹çŒª,2012,Mobile,7,â‰¤2020
BBTAN,BBå¼¹,2015,Mobile,7,â‰¤2020
Blendoku 2,å½©ç‹¬2,2015,Mobile,7,â‰¤2020
Braid,æ—¶ç©ºå¹»å¢ƒ,2009,PC,7,â‰¤2020
Broforce,æ­¦è£…åŸå‹,2015,PC,7,â‰¤2020
Brothers - A Tale of Two Sons,å…„å¼Ÿï¼šåŒå­ä¼ è¯´,2013,PC,7,â‰¤2020
Buddy Simulator 1984,ä¼™ä¼´æ¨¡æ‹Ÿå™¨1984,2021,PC,7,2023
Campfire Cooking,ç¯ç«é‡é¤,2017,PC,7,2023
Carrion,çº¢æ€ª,2020,PC,7,2021
Celeste,è”šè“,2018,PC,7,â‰¤2020
Cell to Singularity - Evolution Never Ends,ä»ç»†èƒåˆ°å¥‡ç‚¹ - è¿›åŒ–ä¸æ­¢,2018,PC,7,2021
Cities: Skylines,åŸå¸‚ï¼šå¤©é™…çº¿,2015,PC,7,â‰¤2020
Coffee Talk Episode 2: Hibiscus and Butterfly,å’–å•¡å¿ƒè¯­ ç¬¬äºŒé›†ï¼šæœ¨æ§¿ä¸è¶,2023,PC,7,2023
Contra,é­‚æ–—ç½—,1987,FC,7,â‰¤2020
Cut the Rope,åˆ‡ç»³å­,2010,Mobile,7,â‰¤2020
DANCERUSH STARDOM,èˆå¾‹ç‚«æ­¥,2018,Arcade,7,2023
DARQ,,2019,PC,7,â‰¤2020
Dead Cells,æ­»äº¡ç»†èƒ,2017,PC,7,â‰¤2020
DEVICE 6,6å·è®¾å¤‡,2013,Mobile,7,â‰¤2020
Distraint 2,æ‰£æŠ¼2,2018,PC,7,â‰¤2020
Draw & Guess,ä½ ç”»æˆ‘çŒœ,2021,PC,7,2022
Dynamix,ç‚«å…‰åŠ¨æ„Ÿ,2015,Mobile,7,â‰¤2020
Enshrouded,é›¾é”ç‹å›½,2024,PC,7,2024
Euro Truck Simulator 2,æ¬§æ´²å¡è½¦æ¨¡æ‹Ÿ2,2012,PC,7,â‰¤2020
Exit the Gungeon,é€ƒå‡ºæªç‰¢,2020,PC,7,â‰¤2020
Fall Guys: Ultimate Knockout,ç³–è±†äººï¼šç»ˆææ·˜æ±°èµ›,2020,PC,7,â‰¤2020
Filament,é’¨ä¸,2020,PC,7,2021
Firewatch,çœ‹ç«äºº,2016,PC,7,â‰¤2020
Florence,å¼—æ´›ä¼¦ä¸,2020,PC,7,â‰¤2020
For the King,ä¸ºäº†å¾ç‹,2018,PC,7,2021
FRAMED,è‡´å‘½æ¡†æ¶,2014,Mobile,7,â‰¤2020
FRAMED 2,è‡´å‘½æ¡†æ¶2,2017,Mobile,7,â‰¤2020
Frostpunk 2,å†°æ±½æ—¶ä»£2,2024,PC,7,2024
Ghostrunner,å¹½çµè¡Œè€…,2020,PC,7,2021
GNOG,,2018,PC,7,â‰¤2020
God of War,æˆ˜ç¥,2018,PC,7,2023
Gorogoa,ç”»ä¸­ä¸–ç•Œ,2017,PC,7,â‰¤2020
Granblue Fantasy: Relink,ç¢§è“å¹»æƒ³ï¼šRelink,2024,PC,7,2024
Grand Theft Auto: San Andreas,ä¾ ç›—çŒè½¦æ‰‹ï¼šåœ£å®‰åœ°åˆ—æ–¯,2005,PC,8,â‰¤2020
Groove Coaster,èŠ‚å¥è¿‡å±±è½¦,2013,Arcade,7,2023
Heal,ç–—æ„ˆ,2020,PC,7,2022
Hogwarts Legacy,éœæ ¼æ²ƒå…¹ä¹‹é—,2023,PC,7,2023
Hue,,2016,PC,7,â‰¤2020
Human: Fall Flat,äººç±»ï¼šä¸€è´¥æ¶‚åœ°,2016,PC,7,â‰¤2020
INKS,å¢¨æ°´,2016,Mobile,7,â‰¤2020
INMOST,ææ¸Š,2020,PC,7,2024
Insaniquarium,æ€ªæ€ªæ°´æ—é¦†,2005,PC,7,â‰¤2020
Jetpack Joyride,ç–¯ç‹‚å–·æ°”æœº,2012,Mobile,7,â‰¤2020
Journey,é£ä¹‹æ—…äºº,2015,PC,7,â‰¤2020
Just Dance 2020,èˆåŠ›å…¨å¼€2020,2019,NS,7,2021
KALPA,,2021,Mobile,7,2022
Katana ZERO,æ­¦å£«åˆ€é›¶,2019,PC,7,2021
Keep Talking and Nobody Explodes,ä¿æŒäº¤æµå°±æ²¡äººçˆ†ç‚¸,2015,PC,7,â‰¤2020
Kine,,2019,PC,7,â‰¤2020
Koi-Koi Japan,æ—¥å¼èŠ±æœ­,2015,PC,7,â‰¤2020
Lanota,æ‹‰è¯ºå¡”,2016,Mobile,7,â‰¤2020
Last Day of June,ç¼çš„æœ€åä¸€å¤©,2017,PC,7,â‰¤2020
LEGOÂ® Builder's Journey,LEGOÂ® å»ºé€ è€…ä¹‹æ—…,2019,PC,7,2021
Lifeline: Halfway to Infinity,ç”Ÿå‘½çº¿ï¼šæ¶…æ§ƒ,2016,Mobile,7,â‰¤2020
Lifeline: Silent Night,ç”Ÿå‘½çº¿ï¼šé™å¤œ,2015,Mobile,7,â‰¤2020
Linelith,,2022,PC,7,2022
Machinarium,æœºæ¢°è¿·åŸ,2009,Mobile,7,â‰¤2020
maimai,èˆèŒ,2012,Arcade,7,â‰¤2020
Marvel's Guardians of the Galaxy,æ¼«å¨é“¶æ²³æŠ¤å«é˜Ÿ,2021,PC,7,2023
Maxwell's Puzzling Demon,éº¦å…‹æ–¯éŸ¦è§£è°œå¦–,2024,PC,7,2024
Mega Man,æ´›å…‹äºº,1987,NES,7,â‰¤2020
Metal Slug 2,åˆé‡‘å¼¹å¤´2,1998,Arcade,7,â‰¤2020
Metroid II: Return of Samus,å¯†ç‰¹ç½—å¾·II è¨å§†æ–¯å›å½’,1991,GB,7,2023
Minecraft Dungeons,æˆ‘çš„ä¸–ç•Œåœ°ä¸‹åŸ,2020,PC,7,2021
Monument Valley 2,çºªå¿µç¢‘è°·2,2017,Mobile,7,â‰¤2020
Mount & Blade: With Fire and Sword,éª‘é©¬ä¸ç æ€ï¼šç«ä¸å‰‘,2011,PC,7,â‰¤2020
Moving Out,èƒ¡é—¹æ¬å®¶,2020,NS,7,2022
My Friend Pedro,æˆ‘çš„æœ‹å‹ä½©å¾·ç½—,2019,PC,7,2021
Narcissu -SIDE 2nd-,æ°´ä»™2,2007,PC,7,â‰¤2020
NEKOPARA Vol.1,çŒ«å¨˜ä¹å›­ Vol.1,2014,PC,7,â‰¤2020
No Man's Sky,æ— äººæ·±ç©º,2016,PC,7,2021
Nostalgia,,2017,Arcade,7,â‰¤2020
OCTOPATH TRAVELER å¤§é™¸ã®è¦‡è€…,å…«æ–¹æ—…äºº å¤§é™†çš„éœ¸è€…,2020,Mobile,7,2024
Okay?,,2015,Mobile,7,â‰¤2020
Opus Magnum,ç‚¼é‡‘æœ¯å¸ˆ,2017,PC,7,â‰¤2020
Outer Wilds,æ˜Ÿé™…æ‹“è’,2019,PC,8,â‰¤2020
Overcooked 2,èƒ¡é—¹å¨æˆ¿2,2018,PC,7,â‰¤2020
Palworld,å¹»å…½å¸•é²,2024,PC,7,2024
Paper Beast,çº¸å…½,2020,PC,7,2022
Persona 5 Scramble: The Phantom Strikers,å¥³ç¥å¼‚é—»å½•5 ä¹±æˆ˜ï¼šé­…å½±æ”»æ‰‹,2020,PC,7,2024
Pianista,é’¢ç´å¸ˆ,2016,Mobile,7,â‰¤2020
Piano Tiles 2,é’¢ç´å—2,2015,Mobile,7,â‰¤2020
Pikuniku,é‡é¤å¤§å†’é™©,2019,PC,7,â‰¤2020
Pipe Push Paradise,æ¨æ°´ç®¡å¤©å ‚,2018,PC,7,â‰¤2020
Poly Bridge,å¤šè¾¹æ¡¥,2016,PC,7,â‰¤2020
Pony Island,å°é©¬å²›,2016,PC,7,2023
PortalSnake,ä¼ é€é—¨è›‡,2023,PC,7,2024
Project FX,FXè®¡åˆ’,2019,Mobile,7,â‰¤2020
Prototype,è™æ€åŸå½¢,2009,PC,7,â‰¤2020
Prune,ä¿®å‰ª,2016,Mobile,7,â‰¤2020
Pummel Party,æå‡»æ´¾å¯¹,2018,PC,7,â‰¤2020
Raiden III,é›·ç”µIII,2005,PC,7,â‰¤2020
Rance X -æ±ºæˆ¦-,å…°æ–¯10 -å†³æˆ˜-,2018,PC,7,2024
Recursed,é€’å½’,2016,PC,7,â‰¤2020
Resident Evil 4,ç”ŸåŒ–å±æœº4 é‡åˆ¶ç‰ˆ,2023,PC,7,2023
Rusty's Retirement,é”ˆé”ˆçš„é€€ä¼‘ç”Ÿæ´»,2024,PC,7,2024
Salamander,æ²™ç½—æ›¼è›‡,1986,FC,7,â‰¤2020
Samorost 3,é“¶æ²³å†é™©è®°3,2016,Mobile,7,â‰¤2020
SANABI,é—ªé¿åˆºå®¢,2022,PC,7,2023
Scarlet Nexus,ç»¯çº¢ç»“ç³»,2021,PC,7,2022
Senua's Saga: Hellblade II,å¡å¨œçš„ä¼ å¥‡ï¼šåœ°ç‹±ä¹‹åˆƒII,2024,PC,7,2024
Sheepy: A Short Adventure,ç¾Šç¾Šçš„å°å†’é™©,2024,PC,7,2024
Sid Meier's Civilization V,æ–‡æ˜5,2010,PC,7,â‰¤2020
SimCity 5,æ¨¡æ‹ŸåŸå¸‚5,2013,PC,7,â‰¤2020
Skala,,2022,PC,7,2022
Slay the Spire,æ€æˆ®å°–å¡”,2017,PC,7,2023
Somerville,è¨é»˜ç»´å°”,2022,PC,7,2022
Stardew Valley,æ˜Ÿéœ²è°·ç‰©è¯­,2016,PC,7,â‰¤2020
Starfield,æ˜Ÿç©º,2023,PC,7,2023
STEINS;GATE æ¯”ç¿¼æ‹ç†ã®ã ãƒ¼ã‚Šã‚“,å‘½è¿çŸ³ä¹‹é—¨ï¼šæ¯”ç¿¼æ‹ç†çš„çˆ±äºº,2011,PC,7,2021
STEINS;GATE ç·šå½¢æ‹˜æŸã®ãƒ•ã‚§ãƒã‚°ãƒ©ãƒ ,å‘½è¿çŸ³ä¹‹é—¨ï¼šçº¿å½¢æ‹˜æŸçš„æ ‘çŠ¶å›¾,2013,PC,7,2021
Stick Fight: The Game,ç«æŸ´äººå¤§ä¹±æ–—,2017,PC,7,â‰¤2020
Stone Story RPG,çŸ³å¤´çºª,2019,PC,7,2021
Stray,æµæµª,2022,PS5,7,2024
SUPERHOT,ç‡¥çƒ­,2016,PC,7,â‰¤2020
Temple Run: Oz,ç¥åº™é€ƒäº¡ï¼šé­”å¢ƒä»™è¸ª,2013,Mobile,7,â‰¤2020
Terra Nil,ä¼Šå§‹ä¹‹åœ°,2023,PC,7,2024
tERRORbane,å‹‡è€…æ–—å¹ºè›¾,2022,PC,7,2023
TEST TEST TEST,æµ‹è¯• æµ‹è¯• æµ‹è¯•,2024,PC,7,2024
The Beginner's Guide,æ–°æ‰‹æŒ‡å—,2015,PC,7,â‰¤2020
The Bridge,æ¡¥,2013,PC,7,â‰¤2020
The Case of the Golden Idol,é‡‘å¶åƒè°œæ¡ˆ,2022,PC,7,2024
The Fish Fillets 2,é±¼ç‰‡2,2007,PC,7,â‰¤2020
The Gardens Between,èŠ±å›­ä¹‹é—´,2018,PC,7,â‰¤2020
The King of Fighters 97,æ‹³çš‡97,1997,Arcade,7,â‰¤2020
The Last Campfire,æœ€åçš„ç¯ç«,2020,PC,7,2023
The Longest Road on Earth,æœ€æ¼«é•¿çš„è·¯,2021,PC,7,2021
The Messenger,ä¿¡ä½¿,2018,PC,7,â‰¤2020
The Outlast Trials,é€ƒç”Ÿï¼šè¯•ç‚¼,2023,PC,7,2023
The Sequence[2],åºåˆ—[2],2018,Mobile,7,â‰¤2020
The Stillness of the Wind,é£ä¹‹å¯‚é™,2019,PC,7,2022
The Witcher 3: Wild Hunt,å·«å¸ˆ3ï¼šç‹‚çŒ,2015,PC,7,â‰¤2020
Thomas Was Alone,å­¤ç‹¬çš„æ‰˜é©¬æ–¯,2012,PC,7,â‰¤2020
Threes!,3!,2014,Mobile,7,â‰¤2020
Tilt to Live,é‡åŠ›å­˜äº¡,2010,Mobile,7,â‰¤2020
Tone Sphere,éŸ³è°ƒé¢†åŸŸ,2012,Mobile,7,â‰¤2020
Touhou Luna Nights,ä¸œæ–¹æœˆç¥å¤œ,2019,PC,7,2024
TUNIC,,2022,PC,7,2022
Ultimate Fishing Simulator,ç»ˆæé’“é±¼æ¨¡æ‹Ÿå™¨,2018,PC,7,â‰¤2020
Understand,é¡¿æ‚Ÿ,2020,PC,7,2021
Unpacking,å¼€ç®±,2021,PC,7,2022
VA-11 Hall-A: Cyberpunk Bartender Action,VA-11 Hall-Aï¼šèµ›åšæœ‹å…‹é…’ä¿è¡ŒåŠ¨,2016,PC,7,2021
Venba,è–‡å¦®å·´ä¸€å®¶,2023,PC,7,2024
Wario Land 3 ä¸æ€è­°ãªã‚ªãƒ«ã‚´ãƒ¼ãƒ«,ç“¦åŠ›æ¬§ä¹å›­3 ä¸å¯æ€è®®çš„éŸ³ä¹ç›’,2000,GBC,7,2023
What Remains of Edith Finch,è‰¾è¿ªèŠ¬å¥‡çš„è®°å¿†,2017,PC,7,â‰¤2020
WHAT THE GOLF?,ä¸‡ç‰©çš†å¯é«˜å°”å¤«,2019,PC,7,2021
Year Walk,ç»ˆå¹´ä¹‹æ—…,2014,PC,7,â‰¤2020
Zuma Deluxe,ç¥–ç›è±ªåç‰ˆ,2006,PC,7,â‰¤2020
ã‚ªãƒ³ã‚²ã‚­,éŸ³å‡»,2018,Arcade,7,2023
Snow Brothers,é›ªäººå…„å¼Ÿ,1991,FC,7,â‰¤2020
Xenoblade 2,å¼‚åº¦ç¥å‰‘2,2017,NS,7,2022
ã‚¼ãƒ«ãƒ€ã®ä¼èª¬ å¤¢ã‚’ã¿ã‚‹å³¶,å¡å°”è¾¾ä¼ è¯´ ç»‡æ¢¦å²›,2019,NS,7,2024
ãƒŠãƒ„ãƒã‚«ãƒŠã‚¿ beyond,å¤æ—¥å½¼æ–¹ beyond,2024,PC,7,2024
ãƒã‚°ã¨é­”æ³•ä½¿ã„,æ•…éšœä¸é­”æ³•ä½¿,2024,PC,7,2024
ãƒ¡ãƒ«ãƒ«ã®ã‚¢ãƒˆãƒªã‚¨ ã€œã‚¢ãƒ¼ãƒ©ãƒ³ãƒ‰ã®ç‚¼é‡‘æœ¯å£«3ã€œ DX,æ¢…éœ²éœ²çš„ç‚¼é‡‘å·¥æˆ¿ ï½é˜¿å…°å¾·çš„ç‚¼é‡‘æœ¯å£«3ï½ DX,2018,NS,7,â‰¤2020
å€‰åº«ç•ª,æ¨ç®±å­,1982,PC,8,â‰¤2020
æ¶æœä¹‹åœ°,/,2018,PC,7,â‰¤2020
é£æ¥ä¹‹å›½,/,2021,PC,7,2021
ææ€–ã®ä¸–ç•Œ,ææ€–çš„ä¸–ç•Œ,2020,PC,7,2023
ç¾å°‘å¥³ä¸‡è¯é¡ -ã‹ã¤ã¦å°‘å¥³ã ã£ãŸå›ã¸-,ç¾å°‘å¥³ä¸‡åé•œ -çŒ®ç»™æ›¾æ˜¯å°‘å¥³çš„ä½ -,2014,PC,7,â‰¤2020
ç¾å°‘å¥³ä¸‡è¯é¡ -å¿˜ã‚Œãªè‰ã¨æ°¸é ã®å°‘å¥³-,ç¾å°‘å¥³ä¸‡åé•œ -å‹¿å¿˜è‰ä¸æ°¸è¿œçš„å°‘å¥³-,2012,PC,7,â‰¤2020
çŒ›å…½æ´¾å¯¹,/,2023,PC,7,2024
è¿·å¤±å²›,/,2016,Mobile,7,â‰¤2020
éœ“è™¹æ·±æ¸Š,/,2020,PC,7,2021
ä¸‰è‰²â–³ç»˜æ‹,/,2017,PC,7,â‰¤2020
ä¸‰è‰²â–³ç»˜æ‹S,/,2020,PC,7,â‰¤2020
å¤±çœ ,/,2022,PC,7,2023
æ–‡å­—æ¸¸æˆ²,/,2022,PC,7,2022
æ˜Ÿã®ã‚«ãƒ¼ãƒ“ã‚£ å‚ä¸Š!ãƒ‰ãƒ­ãƒƒãƒã‚§å›£,æ˜Ÿä¹‹å¡æ¯” å‚ä¸Šï¼æ€ªç›—æ´›åˆ‡å›¢,2006,NDS,7,â‰¤2020
çƒŸç«,/,2021,PC,7,2021
çŸ¥åªå¤§å†’é™©,/,2020,PC,7,2022
ä¸­é˜´,/,2023,PC,7,2023
2048,/,2014,Mobile,6,â‰¤2020
100% Orange Juice,100%é²œæ©™æ±,2013,PC,6,â‰¤2020
20 Small Mazes,20ä¸ªå°è¿·å®«,2024,PC,6,2024
6æ ‹301æˆ¿,/,2022,PC,6,2023
A Memoir Blue,è“è‰²å›å¿†å½•,2022,PC,6,2022
Alan Wake,å¿ƒçµæ€æ‰‹,2010,PC,6,â‰¤2020
Alto's Adventure,é˜¿å°”æ‰˜çš„å†’é™©,2015,Mobile,6,â‰¤2020
Alto's Odyssey,é˜¿å°”æ‰˜çš„å¥¥å¾·èµ›,2018,PC,6,â‰¤2020
Angry Birds Go!,æ„¤æ€’çš„å°é¸Ÿï¼šGo!,2013,Mobile,6,â‰¤2020
Another World,å¦ä¸€ä¸ªä¸–ç•Œ,1991,PC,6,2023
Arcaea,éŸµå¾‹åŸç‚¹,2017,Mobile,6,â‰¤2020
Atomic Heart,åŸå­ä¹‹å¿ƒ,2023,PC,6,2023
Badland 2,è¿·å¤±ä¹‹åœ°2,2015,Mobile,6,â‰¤2020
Bayonetta,çŒå¤©ä½¿é­”å¥³,2009,PC,6,â‰¤2020
Bean and Nothingness,è±†ä¸è™šæ— ,2021,PC,6,2023
Beat Saber,èŠ‚å¥ç©ºé—´,2018,VR,6,â‰¤2020
Beatmania IIDX,ç‹‚çƒ­èŠ‚æ‹IIDX,1999,Arcade,6,2023
Besiege,å›´æ”»,2015,PC,6,â‰¤2020
Beyond: Two Souls,è¶…å‡¡åŒç”Ÿ,2013,PC,6,2021
Block in the Lock,é”ä¸­å—,2019,PC,6,2023
Bloodstained: Ritual of the Night,èµ¤ç—•ï¼šå¤œä¹‹ä»ªå¼,2019,PC,6,2024
Borderlands 3,æ— ä¸»ä¹‹åœ°3,2019,PC,6,2021
Botanicula,æ¤ç‰©ç²¾çµ,2012,Mobile,6,â‰¤2020
Brain Dots,è„‘ç‚¹å­,2015,Mobile,6,â‰¤2020
Cadence of Hyrule,èŠ‚å¥æµ·æ‹‰é²,2019,NS,6,â‰¤2020
Cats Organized Neatly,,2020,PC,6,2022
ChainBeeT,,2019,Mobile,6,2023
Chessformer,,2022,PC,6,2023
Cities: Skylines II,åŸå¸‚ï¼šå¤©é™…çº¿II,2023,PC,6,2023
Color Linez,å½©è‰²è¿ç ,1995,PC,6,â‰¤2020
Cosmic Express,å®‡å®™å¿«è½¦,2017,PC,6,â‰¤2020
Craftopia,åˆ›ä¸–ç†æƒ³ä¹¡,2020,PC,6,2021
Cut the Rope 2,åˆ‡ç»³å­2,2014,Mobile,6,â‰¤2020
Cypher,å¯†ç ,2018,PC,6,â‰¤2020
Dance Rail 3,,2019,Mobile,6,â‰¤2020
Dark Echo,å›å£°æ¢è·¯,2015,Mobile,6,â‰¤2020
Demon's Tilt,æ¶é­”å¼¹ç å°,2019,PC,6,2022
Devil May Cry 5,é¬¼æ³£5,2019,PC,6,â‰¤2020
Devolverland Expo,Devolverä¹å›­å±•è§ˆä¼š,2020,PC,6,â‰¤2020
Diablo IV,æš—é»‘ç ´åç¥IV,2023,PC,6,2024
Dicey Dungeons,éª°å­åœ°ä¸‹åŸ,2019,PC,6,â‰¤2020
Dis Pontibus,æ¨æ¡¥,2019,PC,6,2022
DJMAX Technika,,2008,Arcade,6,â‰¤2020
Don't Starve,é¥¥è’,2013,Mobile,6,â‰¤2020
Don't Starve Together,é¥¥è’ï¼šè”æœºç‰ˆ,2014,PC,6,â‰¤2020
Don't Tap the White Tile,åˆ«è¸©ç™½å—å„¿,2014,Mobile,6,â‰¤2020
Donut County,ç”œç”œåœˆå°é•‡,2018,PC,6,2021
Doodle Devil,æ¶‚é¸¦æ¶é­”,2011,Mobile,6,â‰¤2020
Dr Kawashima's Brain Training for Nintendo Switch,å·å²›åšå£«çš„è„‘åŠ›é”»ç‚¼ Switchç‰ˆ,2019,NS,6,â‰¤2020
Duel Otters,åŒäººå¯¹å†³,2015,Mobile,6,â‰¤2020
Emily is Away <3,è‰¾ç±³è‰å·²ä¸‹çº¿<3,2021,PC,6,2022
Everything,ä¸‡ç‰©,2017,PC,6,â‰¤2020
Flower,èŠ±,2013,PC,6,â‰¤2020
FOUNDRY,é“¸é€ å‚,2024,PC,6,2024
Furi,éäºº,2016,PC,6,2024
Furi Demake,éäºº æ€€æ—§ç‰ˆ,2023,PC,6,2024
Geometry Dash,å‡ ä½•å†²åˆº,2014,Mobile,6,â‰¤2020
Go Mecha Ball,è¿›å‡»çš„æœºç”²çƒ,2024,PC,6,2024
Goat Simulator,æ¨¡æ‹Ÿå±±ç¾Š,2014,PC,6,â‰¤2020
Goat Simulator 3,æ¨¡æ‹Ÿå±±ç¾Š3,2022,PC,6,2024
Golf Club: Wasteland,é«˜å°”å¤«ï¼šåºŸåœŸ,2021,PC,6,2022
Goose Goose Duck,é¹…é¹…é¸­,2022,PC,6,2022
Groove Coaster 2,èŠ‚å¥è¿‡å±±è½¦2,2015,Mobile,6,â‰¤2020
Grounded,ç¦é—­æ±‚ç”Ÿ,2020,PC,6,2022
Hamsterball,ä»“é¼ çƒ,2004,PC,6,â‰¤2020
Have a Nice Death,ç¥ä½ å¥½æ­»,2023,PC,6,2024
Headbangers: Rhythm Royale,,2023,PC,6,2023
Heave Ho,å˜¿å“Ÿèµ°ä½ ,2019,PC,6,â‰¤2020
Hiding Spot,è—åŒ¿ç‚¹,2018,PC,6,â‰¤2020
Hollow Knight,ç©ºæ´éª‘å£«,2017,PC,7,â‰¤2020
HUMANKIND,äººç±»,2021,PC,6,2021
I-Fluid,æˆ‘æ˜¯ä¸€é¢—å°æ°´ç ,2008,PC,6,â‰¤2020
In Other Waters,å­¤æ˜Ÿå¯‚æµ·,2020,PC,6,2024
Industries of Titan,æ³°å¦å·¥ä¸š,2020,PC,6,â‰¤2020
Infinifactory,æ— é™å·¥å‚,2015,PC,6,â‰¤2020
Islands of Insight,çœŸçŸ¥ä¹‹å²›,2024,PC,6,2024
Jackal,èµ¤è‰²è¦å¡,1988,FC,6,â‰¤2020
Jubeat,ä¹åŠ¨é­”æ–¹,2008,Arcade,6,â‰¤2020
Jusant,é€€æ½®,2023,PC,6,2023
Just Cause 4,æ­£å½“é˜²å«4,2018,PC,6,â‰¤2020
Kena: Bridge of Spirits,å‡¯å¨œï¼šç²¾ç¥ä¹‹æ¡¥,2021,PC,6,2024
Layers of Fear 2,å±‚å±‚ææƒ§2,2019,PC,6,â‰¤2020
Life is Strange,å¥‡å¼‚äººç”Ÿ,2015,PC,6,â‰¤2020
Lifeline 2: Bloodline,ç”Ÿå‘½çº¿2ï¼šè¡€çº¿,2015,Mobile,6,â‰¤2020
Lifeline: Whiteout,ç”Ÿå‘½çº¿ï¼šå†°å¤©ç©´åœ°,2016,Mobile,6,â‰¤2020
Little Inferno,å°å°ç‚¼ç‹±,2012,PC,6,â‰¤2020
LIVE A LIVE,æ—¶ç©ºå‹‡å£«,2022,NS,6,2022
Lobotomy Corporation,è„‘å¶å…¬å¸,2018,PC,6,2023
LOVE,çˆ±,2014,PC,6,2024
Luck be a Landlord,å¹¸è¿æˆ¿ä¸œ,2023,PC,6,2024
Luigi's Mansion 3,è·¯æ˜“å‰æ´‹é¦†3,2019,NS,6,2021
Mario Kart Arcade GP DX,é©¬åŠ›æ¬§å¡ä¸è½¦ å¤§å¥–èµ› DX,2013,Arcade,6,2023
Melvor Idle,æ¢…å°”æ²ƒæ”¾ç½®,2019,PC,6,2023
Metal Slug 4,åˆé‡‘å¼¹å¤´4,2001,Arcade,6,â‰¤2020
Metal Slug 7,åˆé‡‘å¼¹å¤´7,2008,NDS,6,â‰¤2020
Metro Exodus,åœ°é“ï¼šç¦»å»,2019,PC,6,2021
Microsoft Solitaire Collection,å¾®è½¯çº¸ç‰Œåˆé›†,2016,Mobile,6,â‰¤2020
Milk outside a bag of milk outside a bag of milk,ç‰›å¥¶è¢‹å¤–è¢‹å¤–ç‰›å¥¶,2021,PC,6,2023
Mitoza,ç§,2011,PC,6,2021
Mount & Blade II: Bannerlord,éª‘é©¬ä¸ç æ€2ï¼šéœ¸ä¸»,2020,PC,6,â‰¤2020
Mountain,å±±,2014,PC,6,â‰¤2020
Narcissu 3rd,æ°´ä»™3,2009,PC,6,â‰¤2020
Necrobarista,ç»ˆç‚¹å’–å•¡é¦†,2020,PC,6,2022
NEO Scavenger,æœ«æ—¥æ‹¾è’è€…,2014,PC,6,â‰¤2020
NieR Re[in]carnation,å°¼å°” è½¬ç”Ÿ,2021,Mobile,6,2022
Noah's Bottle,è¯ºäºšä¹‹ç“¶,2015,Mobile,6,â‰¤2020
Noita,ä¸‡ç‰©å¥³å·«,2019,PC,6,â‰¤2020
Overcooked,èƒ¡é—¹å¨æˆ¿,2016,PC,6,â‰¤2020
Pac-Man,åƒè±†äºº,1980,Arcade,6,â‰¤2020
Perchang,,2016,Mobile,6,â‰¤2020
Persona 4 Golden,å¥³ç¥å¼‚é—»å½•4 é»„é‡‘ç‰ˆ,2011,PC,6,â‰¤2020
Persona 5 Tactica,å¥³ç¥å¼‚é—»å½•5 æˆ˜ç•¥ç‰ˆ,2023,PC,6,2024
Petit Game Collection vol.1,è¢–çæ¸¸æˆåˆé›† vol.1,2024,PC,6,2024
PICO PARK,,2019,PC,6,2024
Plague Inc.,ç˜Ÿç–«å…¬å¸,2012,Mobile,6,â‰¤2020
"Please, Don't Touch Anything",è¯·å‹¿è§¦ç¢°,2015,PC,6,â‰¤2020
PokÃ©mon Shining Pearl,å®å¯æ¢¦ æ˜äº®çç ,2021,NS,6,2021
PokÃ©mon Ultra Moon,å®å¯æ¢¦ ç©¶æä¹‹æœˆ,2017,3DS,6,â‰¤2020
Poker Club,æ‰‘å…‹ä¿±ä¹éƒ¨,2020,PC,6,2023
PowerWash Simulator,å†²å°±å®Œäº‹æ¨¡æ‹Ÿå™¨,2022,PC,6,2023
Psychonauts 2,æ„èˆªå‘˜2,2021,PC,6,2021
Red Dead Redemption 2,è’é‡å¤§é•–å®¢2,2019,PC,6,â‰¤2020
Reigns: Her Majesty,ç‹æƒï¼šå¥³ç‹é™›ä¸‹,2017,PC,6,â‰¤2020
Reigns: Three Kingdoms,ç‹æƒï¼šä¸‰å›½,2023,PC,6,2024
Remnant: From the Ashes,é—è¿¹ï¼šç°çƒ¬é‡ç”Ÿ,2019,PC,6,â‰¤2020
Road 96,ä¹åå…­å·å…¬è·¯,2021,PC,6,2023
Rubber Bandits,æ©¡èƒ¶å¼ºç›—,2021,PC,6,2022
Rune Factory 4 Special,ç¬¦æ–‡å·¥æˆ¿4 è±ªåç‰ˆ,2019,NS,6,â‰¤2020
RYB,,2016,PC,6,2021
Sable,æ²™è´,2021,PC,6,2022
Scorn,è”‘è§†,2022,PC,6,2022
Shadowmatic,æŠ•å½±å¯»çœŸ,2015,Mobile,6,â‰¤2020
Shapez,å¼‚å½¢å·¥å‚,2020,PC,6,â‰¤2020
She Sees Red,å¥¹çœ‹è§çº¢è‰²,2019,PC,6,â‰¤2020
SHENZHEN I/0,æ·±åœ³I/O,2016,PC,6,â‰¤2020
Shift Quantum,é‡å­ä½ç§»,2018,PC,6,â‰¤2020
Ski Safari,æ»‘é›ªå¤§å†’é™©,2012,Mobile,6,â‰¤2020
Ski Safari 2,æ»‘é›ªå¤§å†’é™©2,2016,Mobile,6,â‰¤2020
Snakebird,è›‡é¹ˆé¸Ÿ,2015,PC,6,â‰¤2020
Snaliens,è›‡è›‡å¤–æ˜Ÿäºº,2020,PC,6,2021
Soul Hackers 2,çµé­‚éª‡å®¢2,2022,PC,6,2024
SOUND VOLTEX EXCEED GEAR,éŸ³å¾‹ç‚«åŠ¨EXCEED GEAR,2021,Arcade,6,2023
Spiritfarer,çµé­‚æ‘†æ¸¡äºº,2020,PC,6,2023
Spore,å­¢å­,2008,PC,6,â‰¤2020
SquishCraft,æŒ¤å‹å·¥è‰º,2022,PC,6,2024
Steep,æé™å·…å³°,2016,PC,6,â‰¤2020
STEINS;GATE å¤‰ç§»ç©ºé–“ã®ã‚ªã‚¯ãƒ†ãƒƒãƒˆ,å‘½è¿çŸ³ä¹‹é—¨ï¼šå˜ç§»ç©ºé—´çš„8bit,2011,PC,6,2023
STELLIGHTS,,2017,Mobile,6,â‰¤2020
Stories Untold,æœªè¯‰ä¹‹äº‹,2017,PC,6,â‰¤2020
Synchronica,,2015,Arcade,6,2023
Tametsi,,2017,PC,6,â‰¤2020
Temple Run 2,ç¥åº™é€ƒäº¡2,2013,Mobile,6,â‰¤2020
The Bunker,åœ°å ¡,2016,PC,6,â‰¤2020
The King of Fighters 2001,æ‹³çš‡2001,2001,Arcade,6,â‰¤2020
The King of Fighters 2002,æ‹³çš‡2002,2002,Arcade,6,â‰¤2020
The King of Fighters 2003,æ‹³çš‡2003,2003,Arcade,6,â‰¤2020
The King of Fighters 96,æ‹³çš‡96,1996,Arcade,6,â‰¤2020
The King of Fighters 98,æ‹³çš‡98,1998,Arcade,6,â‰¤2020
The Past Within,,2022,PC,6,2024
The Pedestrian,æ­¥è¡Œè€…,2020,PC,6,2021
The Sequence,åºåˆ—,2015,Mobile,6,â‰¤2020
The Sojourn,æ—…å±…,2019,PC,6,2022
The Spectrum Retreat,å…‰è°±æ’¤é€€,2018,PC,6,2021
The Talos Principle,å¡”ç½—æ–¯çš„æ³•åˆ™,2014,PC,6,â‰¤2020
theHunter: Call of the Wild,çŒäººï¼šè’é‡çš„å¬å”¤,2017,PC,6,â‰¤2020
There Is No Game,æ ¹æœ¬æ²¡æœ‰æ¸¸æˆ,2015,Mobile,6,â‰¤2020
This War of Mine,è¿™æ˜¯æˆ‘çš„æˆ˜äº‰,2014,Mobile,6,â‰¤2020
Totally Accurate Battle Simulator,å…¨é¢æˆ˜äº‰æ¨¡æ‹Ÿå™¨,2019,PC,6,â‰¤2020
Townscaper,åŸé•‡å å ä¹,2021,PC,6,2021
Trek to Yomi,é»„æ³‰ä¹‹è·¯,2022,PC,6,2022
Trick Shot,,2015,Mobile,6,â‰¤2020
Tricky Towers,,2016,PC,6,2021
Twin Mirror,åŒå­å¹»å¢ƒ,2021,PC,6,2023
Ultimate Chicken Horse,è¶…çº§é¸¡é©¬,2016,PC,6,2022
Undertale,ä¼ è¯´ä¹‹ä¸‹,2015,PC,6,â‰¤2020
Valheim,è‹±çµç¥æ®¿,2021,PC,6,2021
voi,,2017,Mobile,6,â‰¤2020
Voice of Cards ã§ããã“ãªã„ã®å·«å¥³,å¡ç‰Œä¹‹å£° ä¸æˆå™¨ä¹‹å·«å¥³,2022,PC,6,2024
WACCA,åå¡éŸ³èˆ,2019,Arcade,6,2022
Where's My Water?,é³„é±¼å°é¡½çš®çˆ±æ´—æ¾¡,2011,Mobile,6,â‰¤2020
Where's My Water? 2,é³„é±¼å°é¡½çš®çˆ±æ´—æ¾¡2,2013,Mobile,6,â‰¤2020
while True: learn(),,2019,PC,6,2022
World War Z,åƒµå°¸ä¸–ç•Œå¤§æˆ˜,2019,PC,6,â‰¤2020
yellow,é»„,2018,Mobile,6,â‰¤2020
Zengrams,æ–¹å—æ‹¼å‡‘,2014,Mobile,6,â‰¤2020
ã¾ã„ã¦ã¤ -Pure Station-,çˆ±ä¸Šç«è½¦ -Pure Station-,2018,PC,6,â‰¤2020
çˆ†å¼¾ç”·,ç‚¸å¼¹äºº,1983,FC,6,â‰¤2020
ä¸å¯æ€è®®ä¹é˜Ÿ,/,2019,Mobile,6,â‰¤2020
è¶…æ—¶ç©ºæ–¹èˆŸ,/,2019,PC,6,2022
åˆéŸ³é€Ÿ,/,2017,Mobile,6,â‰¤2020
åˆéŸ³æœªæ¥ï¼šæ¢¦å¹»æ­Œå§¬,/,2018,Mobile,6,â‰¤2020
æ±æ–¹ãƒ€ãƒ³ãƒã‚¯ã‚«ã‚°ãƒ©,ä¸œæ–¹å¼¹å¹•ç¥ä¹,2021,Mobile,6,2022
ç«å±±çš„å¥³å„¿,/,2023,PC,5,2023
ç»åŒºé›¶,/,2024,PC,6,2024
é›¶ ï½æ¿¡é¸¦ãƒå·«å¥³ï½,é›¶ ï½æ¿¡é¸¦ä¹‹å·«å¥³ï½,2014,PC,6,2022
è¿·å¤±å²›2ï¼šæ—¶é—´çš„ç°çƒ¬,/,2018,PC,6,â‰¤2020
æ˜æ—¥æ–¹èˆŸ,/,2019,Mobile,6,â‰¤2020
é›€é­‚éº»å°†,/,2020,PC,6,2021
è¯´å‰‘,/,2016,Mobile,6,â‰¤2020
åˆå‰äº”æ™‚ã«ãƒ”ã‚¢ãƒã‚’å¼¾ã,æ¸…æ™¨äº”æ—¶çš„é’¢ç´,2023,PC,6,2023
èˆç«‹æ–¹,/,2013,Arcade,5,â‰¤2020
æ˜Ÿã®ã‚«ãƒ¼ãƒ“ã‚£ ãƒ­ãƒœãƒœãƒ—ãƒ©ãƒãƒƒãƒˆ,æ˜Ÿä¹‹å¡æ¯” æœºæ¢°è¡Œæ˜Ÿ,2016,3DS,6,â‰¤2020
é‡æ„,/,2022,PC,6,2022
>observer_,>è§‚å¯Ÿè€…_,2017,PC,5,â‰¤2020
A Plague Tale: Innocence,ç˜Ÿç–«ä¼ è¯´ï¼šæ— ç½ª,2019,PC,5,2021
A=B,/,2022,PC,5,2022
ABYSS OF THE SACRIFICE,å¯†å®¤çš„ç¥­å“,2020,PC,5,2022
AER Memories of Old,AER: å¤è€çš„è®°å¿†,2017,PC,5,â‰¤2020
Ancestors: The Humankind Odyssey,å…ˆç¥–ï¼šäººç±»å¥¥å¾·èµ›,2019,PC,5,â‰¤2020
Asphalt 6: Adrenaline,ç‹‚é‡é£™è½¦6ï¼šç«çº¿è¿½å‡»,2010,Mobile,5,â‰¤2020
Asphalt 7: Heat,ç‹‚é‡é£™è½¦7ï¼šæé€Ÿçƒ­åŠ›,2012,Mobile,5,â‰¤2020
Badland,è¿·å¤±ä¹‹åœ°,2013,Mobile,5,â‰¤2020
BanG Dream! Girls Band Party!,æ¢¦æƒ³åå¥æ›²! å°‘å¥³ä¹å›¢æ´¾å¯¹!,2017,Mobile,5,2022
Battle Block Theater,æˆ˜æ–—æ–¹å—å‰§åœº,2014,PC,5,â‰¤2020
Battle City,å¦å…‹å¤§æˆ˜,1985,FC,5,â‰¤2020
Blek,æ‰‹æŒ‡ç”»çº¿,2014,Mobile,5,â‰¤2020
Botany Manor,æ³¢å¦å°¼åº„å›­,2024,PC,5,2024
Brawlhalla,æ ¼æ–—å“ˆæ‹‰,2017,PC,5,â‰¤2020
Break the Game,æ‰“ç ´æ¸¸æˆ,2019,PC,5,â‰¤2020
Bridge Constructor: The Walking Dead,æ¡¥æ¢å·¥ç¨‹å¸ˆï¼šè¡Œå°¸èµ°è‚‰,2020,PC,5,2021
Call of the Wild: The Angler,è’é‡çš„å¬å”¤ï¼šå‚é’“è€…,2022,PC,5,2023
Chained Together,é“¾åœ¨ä¸€èµ·,2024,PC,4,2024
Chameleon Run,æé€Ÿå˜è‰²é¾™,2016,Mobile,5,â‰¤2020
Cloud Climber,æ”€äº‘è€…,2021,PC,5,2021
CODE VEIN,å—œè¡€ä»£ç ,2019,PC,5,â‰¤2020
Coloring Game 3,æŸ“è‰²æ¸¸æˆ3,2020,PC,5,â‰¤2020
Counter Strike: Global Offensive,åæç²¾è‹±ï¼šå…¨çƒæ”»åŠ¿,2012,PC,5,â‰¤2020
Cube Escape: Seasons,æ–¹å—é€ƒè„±ï¼šå››å­£,2015,Mobile,5,â‰¤2020
Dance Rail Refresh,,2017,Mobile,5,â‰¤2020
Dancing Line,è·³èˆçš„çº¿,2016,Mobile,5,â‰¤2020
DayZ,,2013,PC,5,â‰¤2020
Deepest Sword,æœ€æ·±ä¹‹å‰‘,2021,PC,5,2021
Don't Starve: Shipwrecked,é¥¥è’ï¼šæµ·éš¾,2015,Mobile,5,â‰¤2020
Doodle Creatures,æ¶‚é¸¦ç”Ÿç‰©,2014,Mobile,5,â‰¤2020
Emily is Away,è‰¾ç±³è‰å·²ä¸‹çº¿,2015,PC,5,â‰¤2020
English Country Tune,,2011,PC,5,â‰¤2020
Farming Simulator 19,å†œåœºæ¨¡æ‹Ÿå™¨19,2017,PC,5,â‰¤2020
Finger Hero,æŒ‡å°–è‹±é›„,2016,Mobile,5,â‰¤2020
Fishing & Life,é’“é±¼äººç”Ÿ,2019,Mobile,5,â‰¤2020
Game Dev Story,æ¸¸æˆå¼€å‘ç‰©è¯­,1997,PC,5,2024
Geometry Dash World,å‡ ä½•å†²åˆºï¼šä¸–ç•Œ,2016,Mobile,5,â‰¤2020
Hachi Hachi,å…«éŸ³èŠ‚å¥,2016,Mobile,5,â‰¤2020
Hardspace: Shipbreaker,è¿·èµ°æ·±ç©ºï¼šç¢èˆ°å¸ˆ,2022,PC,5,2022
Hexceed,åå…­è¿›åˆ¶,2021,PC,5,2021
hocus.,,2015,Mobile,5,â‰¤2020
HOOK,é’©å­,2015,Mobile,5,â‰¤2020
Horace,è´ºæ‹‰æ–¯,2019,PC,5,â‰¤2020
I Wanna Be The Guy: Gaiden,,2012,PC,5,â‰¤2020
KAMI 2,çº¸2,2017,Mobile,5,â‰¤2020
klocki,,2016,Mobile,5,â‰¤2020
Left 4 Dead 2,æ±‚ç”Ÿä¹‹è·¯2,2009,PC,5,â‰¤2020
Lethal Company,è‡´å‘½å…¬å¸,2023,PC,5,2024
Lethe,å¿˜å´ä¹‹å£°,2017,Mobile,5,â‰¤2020
Love Tou To Bits,çˆ±ä½ ï¼Œæ¯ä¸€å—ç¢ç‰‡,2016,Mobile,5,â‰¤2020
Lume,,2011,Mobile,5,â‰¤2020
Manor Lords,åº„å›­é¢†ä¸»,2024,PC,5,2024
Milk inside a bag of milk inside a bag of milk,ç‰›å¥¶è¢‹ä¸­è¢‹ä¸­ç‰›å¥¶,2020,PC,5,2022
Mini Metro,è¿·ä½ åœ°é“,2015,Mobile,5,â‰¤2020
Mirror,é­”é•œ,2018,PC,4,â‰¤2020
Moonlighter,å¤œå‹¤äºº,2018,PC,5,â‰¤2020
Neon Beats,éœ“è™¹èŠ‚æ‹,2019,PC,5,â‰¤2020
Never Alone: Ki Edition,æ°¸ä¸å­¤å•,2016,Mobile,5,â‰¤2020
Ninja Gaiden,å¿è€…é¾™å‰‘ä¼ ,1988,FC,5,â‰¤2020
One Step From Eden,ä¼Šç”¸ä¹‹è·¯,2020,PC,5,â‰¤2020
Orwell,å¥¥å¨å°”,2016,PC,5,â‰¤2020
Outfolded,å»¶å±•æ–¹å—,2016,Mobile,5,â‰¤2020
OutRun2,,2003,Arcade,5,2021
Oxygen Not Included,ç¼ºæ°§,2017,PC,5,â‰¤2020
Phigros,,2019,Mobile,5,â‰¤2020
"PokÃ©mon Let's Go, Pikachu!",å®å¯æ¢¦ Let's Go! çš®å¡ä¸˜,2018,NS,5,â‰¤2020
polytone,,2018,Mobile,5,â‰¤2020
Q.U.B.E. 2,,2018,PC,5,â‰¤2020
Recompile,å†ç¼–è¯‘,2021,PC,5,2021
Reflect Beat+,åŠ¨æ„Ÿå¼¹ç +,2013,Mobile,5,â‰¤2020
Rento Fortune,å¤§å¯Œç¿,2017,PC,5,â‰¤2020
Retrowave,å¤å¤æ³¢,2020,PC,5,â‰¤2020
Sakura Agent,æ¨±èŠ±ç‰¹å·¥,2017,PC,5,â‰¤2020
Sayonara Wild Hearts,å†è§ç‹‚é‡ä¹‹å¿ƒ,2019,PC,5,â‰¤2020
Skul: The Hero Slayer,å°éª¨ï¼šè‹±é›„æ€æ‰‹,2021,PC,5,2021
Small Radios Big Televisions,å°æ”¶éŸ³æœºå¤§ç”µè§†,2016,PC,5,â‰¤2020
Smash Hit,ç²‰ç¢å†²å‡»,2014,Mobile,5,â‰¤2020
Sons Of The Forest,æ£®æ—ä¹‹å­,2023,PC,5,2024
Spelunky,æ´ç©´æ¢é™©,2013,PC,5,â‰¤2020
Still Wakes the Deep,è§‰é†’æ·±æ¸Š,2024,PC,5,2024
Subverse,,2021,PC,4,2021
Subway Surfers,åœ°é“è·‘é…·,2012,Mobile,5,â‰¤2020
Super Sharp,é”‹åˆƒ,2016,Mobile,5,â‰¤2020
Surviving Mars,ç«æ˜Ÿæ±‚ç”Ÿ,2018,PC,5,â‰¤2020
takt op. é‹å‘½ã¯çœŸç´…ãæ—‹å¾‹ã®è¡—ã‚’,å®¿å‘½å›å“ï¼šå¼¦ä¸Šçš„å¹æ¯,2023,Mobile,5,2023
Terraria,æ³°æ‹‰ç‘äºš,2011,PC,5,â‰¤2020
Thanks for Playing,æ„Ÿè°¢æ¸¸ç©,2013,Mobile,5,â‰¤2020
The Basement Collection,åœ°ä¸‹å®¤æ¸¸æˆåˆé›†,2012,PC,5,â‰¤2020
The Complex,å¤ä½“,2020,PC,5,â‰¤2020
The First Tree,ç¬¬ä¸€æ£µæ ‘,2017,PC,5,â‰¤2020
The Graveyard,å¢“å›­,2008,PC,5,2024
The Guide Axiom,æŒ‡å—ï¼šå…¬ç†,2017,Mobile,5,â‰¤2020
The Looker,,2022,PC,5,2022
The Room,æœªä¸Šé”çš„æˆ¿é—´,2015,Mobile,5,â‰¤2020
The Treasures of Montezuma 4,è’™ç‰¹ç¥–ç›çš„å®è—4,2013,PC,5,â‰¤2020
TroubleDays,,2020,PC,5,â‰¤2020
Ultimate Fishing Simulator 2,ç»ˆæé’“é±¼æ¨¡æ‹Ÿå™¨2,2022,PC,5,2022
UNBEATABLE [white label],,2021,PC,5,2022
Unheard,ç–‘æ¡ˆè¿½å£°,2019,PC,5,â‰¤2020
URBO: Dream One,æµ®åŸï¼šåˆæ¢¦,2023,PC,5,2023
Where The Water Tastes Like Wine,å½¼å¤„æ°´å¦‚é…’,2018,PC,5,â‰¤2020
White Night,ç™½å¤œ,2015,Mobile,5,â‰¤2020
Zion,è½½éŸ³,2015,Mobile,5,â‰¤2020
ã¿ã‚“ãªã§ç©ºæ°—èª­ã¿ã€‚,å¤§å®¶ä¸€èµ·è§‚é¢œå¯Ÿè‰²ã€‚,2020,PC,5,â‰¤2020
ç™¾è‹±é›„ä¼,ç™¾è‹±é›„ä¼ ,2024,PC,5,2024
å¤§å¯Œç¿10,/,2019,PC,5,â‰¤2020
äº’è”ç½‘åŸä½æ°‘,/,2022,PC,5,2023
é¾ãŒå¦‚ã0,å¦‚é¾™0,2015,PC,5,2021
æ¼«é•¿æ—…é€”,/,2016,Mobile,5,â‰¤2020
ç¥ç‹±å¡” ãƒ¡ã‚¢ãƒªã‚¹ã‚±ãƒ«ã‚¿ãƒ¼2,ç¥ç‹±å¡”ï¼šæ–­ç½ªç›ä¸½2,2019,NS,5,â‰¤2020
å¤ªé¼“ã®é”äºº,å¤ªé¼“è¾¾äºº,2001,Arcade,5,â‰¤2020
å¤ªé¼“ã®é”äºº Nintendo Switchã°ï½ã˜ã‚‡ã‚“ï¼,å¤ªé¼“è¾¾äºº Nintendo Switchç‰ˆ!,2018,NS,5,2021
æ¹¾å²¸Midnight Maximum Tune,,2001,Arcade,5,2023
å¦„æƒ³ç—‡ï¼šDeliver Me,/,2018,PC,5,â‰¤2020
æˆ‘çš„æ–‡æ˜,/,2016,Mobile,5,â‰¤2020
ç‰©ç§èµ·æº,/,2017,Mobile,5,â‰¤2020
ä¸€èµ·ä¼˜è¯º,/,2020,Mobile,5,â‰¤2020
éŸ³çµ,/,2018,PC,5,â‰¤2020
æ·«ã‚‰ãªé­”çªŸã®æ¢ç´¢è€…,æ·«ä¹±é­”çªŸçš„æ¢ç´¢è€…,2022,PC,5,2024
éšåŒ¿æŒ‰é’®,/,2020,Mobile,5,â‰¤2020
éšå½¢å®ˆæŠ¤è€…,/,2019,PC,5,â‰¤2020
åŸç‚¹è®¡åˆ’, /,2022,NS,5,2023
åŸç¥,/,2020,PC,5,â‰¤2020
3 out of 10,ååˆ†ä¹‹ä¸‰,2020,PC,4,â‰¤2020
Angry Birds Rio,æ„¤æ€’çš„å°é¸Ÿï¼šé‡Œçº¦,2011,Mobile,4,â‰¤2020
Assassin's Creed: Identity,åˆºå®¢ä¿¡æ¡ï¼šæœ¬è‰²,2015,Mobile,4,â‰¤2020
Assassin's Creed: Pirates,åˆºå®¢ä¿¡æ¡ï¼šæµ·ç›—,2016,Mobile,4,â‰¤2020
BirdGut,é¸Ÿè‚ ,2019,PC,4,â‰¤2020
Bit Orchard: Animal Valley,æ¯”ç‰¹å¥¥æŸ¥å¾·ï¼šåŠ¨ç‰©è°·,2021,NS,4,2023
Blackbox,é»‘ç›’,2020,Mobile,4,â‰¤2020
City of Brass,é»„é“œä¹‹åŸ,2018,PC,4,â‰¤2020
cut,,2017,Mobile,4,â‰¤2020
D4DJ Groovy Mix,,2020,Mobile,4,2022
Dungeons of Hinterberg,è¾›ç‰¹å ¡ä¼ è¯´,2024,PC,4,2024
Electronic Super Joy 2,ç”µå­è¶…å¿«æ„Ÿ2,2019,PC,4,â‰¤2020
eèˆæˆå,/,2011,Arcade,4,2023
Figment,è™šæ„ä¸–ç•Œ,2017,PC,4,â‰¤2020
Find the Line,å½©çº¿æ‹¼å›¾,2020,Mobile,4,â‰¤2020
Getting Over It with Bennett Foddy,ä¸æœ¬å°¼å¼—é›·å¾·ä¸€èµ·æ”»å…‹éš¾å…³,2017,PC,4,â‰¤2020
GITADORA,å‰ä»–é«˜æ‰‹å’Œç‹‚çƒ­é¼“æ‰‹,2013,Arcade,4,â‰¤2020
Hacknet,é»‘å®¢ç½‘ç»œ,2015,PC,4,â‰¤2020
Hitman GO,æ€æ‰‹ï¼šGO,2014,Mobile,4,â‰¤2020
House of the Dead: Scarlet Dawn,æ­»äº¡ä¹‹å±‹ï¼šçŒ©çº¢é»æ˜,2018,Arcade,4,2023
Logic Traces,é€»è¾‘è¿çº¿,2016,Mobile,4,â‰¤2020
Meadow,è‰åŸ,2016,PC,4,â‰¤2020
Metal Slug Defence,åˆé‡‘å¼¹å¤´ï¼šå¡”é˜²,2015,PC,4,â‰¤2020
Minit,,2018,PC,4,â‰¤2020
Mitos.is: The Game,æœ‰ä¸åˆ†è£‚,2015,PC,4,â‰¤2020
Mizi NO!,Miziä¸è¦ï¼,2024,PC,4,2024
Monster Hunter: World,æ€ªç‰©çŒäººï¼šä¸–ç•Œ,2018,PC,4,â‰¤2020
Nihilumbra,è¯…å’’ä¸–ç•Œå¤§å†’é™©,2013,PC,4,â‰¤2020
NinJump,å¿è€…è·³è·ƒ,2010,Mobile,4,â‰¤2020
osu!droid,,2015,Mobile,4,â‰¤2020
PinOut!,,2016,Mobile,4,â‰¤2020
Plants vs. Zombies 2,æ¤ç‰©å¤§æˆ˜åƒµå°¸2,2013,Mobile,4,â‰¤2020
PokÃ©mon Quest,å®å¯æ¢¦å¤§æ¢é™©,2018,Mobile,4,â‰¤2020
Polysphere,å¤šè¾¹çƒ,2020,Mobile,4,â‰¤2020
Puzzle - LINES AND KNOTS,è°œé¢˜ - çº¿ä¸ç»“,2020,PC,4,â‰¤2020
Railway Empire,é“è·¯å¸å›½,2018,PC,4,â‰¤2020
RiME,,2017,PC,4,â‰¤2020
Rusty Lake Hotel,é”ˆæ¹–ï¼šæ—…é¦†,2016,PC,4,â‰¤2020
Seashine,æ·±æµ·ä¹‹å…‰,2016,Mobile,4,â‰¤2020
serial experiments lain,ç²éŸ³,1998,PS,6,2022
SimCity BuildIt,æ¨¡æ‹ŸåŸå¸‚ï¼šæˆ‘æ˜¯å¸‚é•¿,2017,Mobile,4,â‰¤2020
Super Phantom Cat 2,è¶…çº§å¹»å½±çŒ«2,2017,Mobile,4,â‰¤2020
Sword Art Online: Lost Song,åˆ€å‰‘ç¥åŸŸï¼šå¤±è½ä¹‹æ­Œ,2018,PC,4,â‰¤2020
Telepaint,æ²¹æ¼†æ¡¶å¤§å†’é™©,2017,Mobile,4,â‰¤2020
The Shapeshifting Detective,åŒ–èº«ä¾¦æ¢,2018,PC,4,â‰¤2020
The Town of Light,æš®å…‰å°é•‡,2016,PC,4,â‰¤2020
Tormentor X Punisher,æŠ˜ç£¨è€…Xæƒ©ç½šè€…,2017,PC,4,â‰¤2020
Yooka-Laylee and the Impossible Lair,å°¤å¡è±è‰ä¸æ— æœ›å·¢ç©´,2019,PC,4,â‰¤2020
Zip-Zap,,2017,Mobile,4,â‰¤2020
ãƒŠãƒ“ã¤ã! ã¤ãã£ã¦ã‚ã‹ã‚‹ ã¯ã˜ã‚ã¦ã‚²ãƒ¼ãƒ ãƒ—ãƒ­ã‚°ãƒ©ãƒŸãƒ³ã‚°,é™„å¸¦å¯¼èˆªï¼ä¸€åšå°±ä¸Šæ‰‹ ç¬¬ä¸€æ¬¡çš„æ¸¸æˆç¨‹å¼è®¾è®¡,2021,NS,4,2021
ä¿å«èåœ,/,2012,Mobile,4,â‰¤2020
æ‹£Â·çˆ±,/,2021,PC,4,2024
èŠ‚å¥å¤§å¸ˆ,/,2012,Mobile,4,â‰¤2020
æ—…ã‹ãˆã‚‹,æ—…è¡Œé’è›™,2017,Mobile,4,â‰¤2020
ç¼ªæ–¯è®¡åˆ’,/,2016,Mobile,4,â‰¤2020
ç¥ä¹‹å›½çš„é­”æ³•ä½¿,/,2022,PC,4,2022
è·³èˆçš„çº¿,/,2016,Mobile,4,â‰¤2020
é€‰ç‹ä¹‹å‰‘,/,2022,PC,4,2022
å¼‚å¸¸,/,2019,PC,4,â‰¤2020
å…ƒæ°”éª‘å£«,/,2017,Mobile,4,â‰¤2020
åšä¸ªå¥½æ¢¦,/,2021,PC,4,2023
Antimatter Dimensions,åç‰©è´¨ç»´åº¦,2022,PC,3,2024
Arctico,åŒ—æ,2022,PC,3,2024
BeatEVO YG,èŠ‚å¥å¤§çˆ†ç‚¸,2017,Mobile,2,â‰¤2020
Blueprint Tycoon,è“å›¾å¤§äº¨,2016,PC,3,â‰¤2020
Does not Commute,æ‹’ç»ä¸Šç­,2015,Mobile,3,â‰¤2020
E.Z,,2018,PC,3,â‰¤2020
Flappy Bird,é£æ‰¬çš„å°é¸Ÿ,2013,Mobile,3,â‰¤2020
Gal*Gun 2,å°‘å¥³â˜†å°„å‡»2,2018,PC,3,â‰¤2020
Heart Maze,è¿·å¤±ç«‹æ–¹,2017,Mobile,3,â‰¤2020
illi,,2017,Mobile,4,â‰¤2020
Sono,,2020,PC,3,â‰¤2020
Super Meat Boy Forever,è¶…çº§é£Ÿè‚‰ç”·å­©ï¼šæ°¸æ’,2020,PC,3,2022
Teeworlds,,2007,PC,3,â‰¤2020
ã¿ã‚“ãªå¤§å¥½ãå¡Šé­‚ã‚¢ãƒ³ã‚³ãƒ¼ãƒ«+ ç‹æ§˜ãƒ—ãƒãƒ¡ãƒ¢ãƒªãƒ¼,äººè§äººçˆ±çš„å—é­‚ å®‰å¯+ å›½ç‹å¤§äººçš„å°å°å›å¿†,2023,PC,3,2024
ç¬¬ä¸ƒå·åˆ—è½¦,/,2021,PC,3,2021
ç®­ç®­å‰‘,/,2023,PC,3,2023
å®Œè›‹ï¼æˆ‘è¢«ç¾å¥³åŒ…å›´äº†ï¼,/,2023,PC,2,2024
å”¯èˆç¨å°Š2,/,2009,Arcade,3,2023
é˜´é˜³å¸ˆ,/,2016,Mobile,3,â‰¤2020
æ‰¾ä½ å¦¹,/,2012,Mobile,3,â‰¤2020
Beat Stomper,èŠ‚å¥ç ´åè€…,2016,Mobile,2,â‰¤2020
Escape the Game,é€ƒç¦»æ¸¸æˆ,2016,PC,2,â‰¤2020
Give It Up! 2,æ°¸ä¸è¨€å¼ƒ2,2016,Mobile,2,â‰¤2020
League of Legends,è‹±é›„è”ç›Ÿ,2009,PC,1,â‰¤2020
Metal Slug 3D,åˆé‡‘å¼¹å¤´3D,2006,PS2,2,â‰¤2020
Mirror 2: Project X,é­”é•œ2ï¼šXè®¡åˆ’,2022,PC,1,2022
æ•é±¼è¾¾äºº,/,2009,Mobile,1,â‰¤2020
é¼“èŒ,/,2021,Arcade,2,2022
Alchemia,ç‚¼é‡‘æœ¯,2018,PC,2,â‰¤2020
Impossible Road,æ— è§£ä¹‹è·¯,2016,Mobile,2,â‰¤2020
Into the Gloom,é™·å…¥é»‘æš—,2015,PC,1,â‰¤2020
OLDTV,è€ç”µè§†,2018,Mobile,1,â‰¤2020
Transformice,å˜å½¢é‡‘é¼ ,2015,PC,2,â‰¤2020
ä¸‰è‰²â–³ç»˜æ‹ TrueEnd,/,2022,PC,1,2022
Floating Point,æµ®ç‚¹,2014,PC,1,â‰¤2020
é£å­,/,2015,Mobile,1,â‰¤2020
Triple Jump,ä¸‰æ®µè·³,2016,Mobile,2,â‰¤2020
Zup! 2,,2016,PC,1,â‰¤2020
Liar's Bar,éª—å­é…’å§,2024,PC,6,2024
Pop'n Music,,1998,Arcade,5,2023
ãƒ†ãƒˆãƒ†ã‚³ãƒã‚¯ãƒˆ,,2021,Arcade,6,2023
The Cosmic Wheel Sisterhood,å®‡å®™ä¹‹è½®å§å¦¹ä¼š,2023,PC,5,2024
Elin,,2024,PC,6,2024
NaissanceE,åˆ›ä¸–E,2014,PC,1,2024
Afterglitch,,2022,PC,3,2024
Rememoried,å†åº¦è®°å¿†,2015,PC,2,2024
IMMORTALITY,ä¼ ä¸–ä¸æœ½,2022,PC,8,2024
The Friends of Ringo Ishikawa,çŸ³æ²³å€«å¾çš„æœ‹å‹ä»¬,2018,PC,6,2024
Yolk Heroes: A Long Tamago,å‹‡è€…è›‹ç”Ÿ,2024,PC,5,2024
Stellar Blade,å‰‘æ˜Ÿ,2024,PS5,7,2024
Rabbit & Steel,å…”å­ä¸é’¢é“,2024,PC,8,2024
Lorelei and the Laser Eyes,ç½—è•¾è±å’Œæ¿€å…‰çœ¼,2024,PC,8,2024
Pizza Tower,æŠ«è¨å¡”,2023,PC,6,2024
æ— é™æš–æš–,/,2024,PC,5,2024
Maiden & Spell,å°‘å¥³ä¸é­”æ³•,2020,PC,7,2024
Astro Bot,å®‡å®™æœºå™¨äºº,2024,PS5,8,2024
çœŸãƒ»å¥³ç¥è»¢ç”ŸV Vengeance,çœŸãƒ»å¥³ç¥è½¬ç”ŸV Vengeance,2024,PS5,6,2024
Thank Goodness You're Here!,è°¢å¤©è°¢åœ°ä½ æ¥å•¦ï¼,2024,PC,9,2024
Paper Mario: The Origami King,çº¸ç‰‡é©¬åŠ›æ¬§ï¼šæŠ˜çº¸å›½ç‹,2020,NS,8,2024
Neva,,2024,PC,8,2024
Awaria,,2024,PC,6,2024
Not for Broadcast,ä¸äºˆæ’­å‡º,2022,PC,6,2024
Re-Volt,æ¢¦å¹»é¥æ§è½¦,1999,PC,5,â‰¤2020
The Last of Us Part I,æœ€åç”Ÿè¿˜è€… ç¬¬ä¸€éƒ¨,2022,PS5,7,2024
CHAOS;HEAD NOAH,æ··æ²Œä¹‹è„‘ è¯ºäºš,2009,PC,6,2024
Unicorn Overlord,åœ£å…½ä¹‹ç‹,2024,NS,8,2024
ANONYMOUS;CODE,åŒ¿åä»£ç ,2022,PC,7,2025/01/06
World's End Club,ä¸–ç•Œæœ«æ—¥ä¿±ä¹éƒ¨,2020,PC,4,2025/01/06
The Good Time Garden,å¥½æ—¶å…‰èŠ±å›­,2019,PC,4,2025/01/13
TEVI,é‡‡ç»´,2023,PC,7,2025/01/17
WHITE ALBUM2,ç™½è‰²ç›¸ç°¿2,2010,PC,8,2025/01/22
æ€’é¦–é ˜èœ‚ å¤§å¾©æ´»,æ€’é¦–é¢†èœ‚ å¤§å¤æ´»,2008,PC,7,2025/02/13
Epigraph,é“­æ–‡,2024,PC,5,2025/02/13
éª°å­æµªæ¸¸è€…,/,2024,PC,7,2025/02/13
8ç•ªå‡ºå£,8å·å‡ºå£,2023,PC,7,2025/02/13
æ–‘é³©,æ–‘é¸ ,2001,PC,8,2025/02/13
Rift of the NecroDancer,èŠ‚å¥è£‚éš™,2025,PC,8,2025/02/13
DREDGE,æ¸”å¸†æš—æ¶Œ,2023,PC,7,2025/02/13
TOEM,,2021,PC,6,2025/02/13
Luxuria Superbia,è‰²æ¬²ä¸å‚²æ…¢,2013,PC,2,2025/02/17
Kingdom Come: Deliverance II,å¤©å›½ï¼šæ‹¯æ•‘II,2025,PC,9,2025/02/17
Telling Lies,è°è¨€,2019,PC,5,2025/02/20
Viewfinder,å–æ™¯å™¨,2023,PC,9,2025/02/21
Silent Hill 2,å¯‚é™å²­2,2024,PC,6,2025/02/24
1000xRESIST,åƒæ¬¡æŠµæŠ—,2024,PC,8,2025/02/24
Starseed Pilgrim,æ˜Ÿç§æœåœ£è€…,2013,PC,5,2025/02/27
ã‚¼ãƒ«ãƒ€ã®ä¼èª¬ çŸ¥æµã®ã‹ã‚Šã‚‚ã®,å¡å°”è¾¾ä¼ è¯´ æ™ºæ…§çš„å†ç°,2024,NS,7,2025/03/10
CRISIS CORE -FINAL FANTASY VII- REUNION,æ ¸å¿ƒå±æœº -æœ€ç»ˆå¹»æƒ³VII- é‡èš,2022,PS5,6,2025/03/11
Crypt of the NecroDancer,èŠ‚å¥åœ°ç‰¢,2015,PC,7,2025/03/13
Shapez 2,å¼‚å½¢å·¥å‚2,2024,PC,7,2024
Split Fiction,åŒå½±å¥‡å¢ƒ,2025,PC,8,2025/03/17
Horizon Zero Dawn,åœ°å¹³çº¿ é›¶ä¹‹æ›™å…‰,2017,PC,5,2025/03/17
Endling - Extinction is Forever,å­¤ä½“ - ç­ç»æ°¸æ’,2022,PC,6,2025/03/18
Symphonic Rain,äº¤å“ä¹ä¹‹é›¨,2004,PC,6,2025/03/21
PETS,,2025,PC,8,2025/03/25
FINAL FANTASY XVI,æœ€ç»ˆå¹»æƒ³XVI,2023,PC,8,2025/03/31
é»‘æš—ä¸–ç•Œï¼šå› ä¸æœ,/,2025,PC,6,2025/04/03
Doki Doki Literature Club!,å¿ƒè·³æ–‡å­¦éƒ¨ï¼,2017,PC,8,2025/04/07
Last Call BBS,,2022,PC,6,2025/04/07
Lonely Mountains: Snow Riders,å­¤å±±é€Ÿé™ï¼šé›ªåœ°éª‘å£«,2025,PC,6,2025/04/14
Blue Prince,è“é€”ç‹å­,2025,PC,9,2025/04/14
Lushfoil Photography Sim,Lushfoilæ‘„å½±æ¨¡æ‹Ÿ,2025,PC,7,2025/04/16
ãƒ¦ãƒŸã‚¢ã®ã‚¢ãƒˆãƒªã‚¨ ï½è¿½æ†¶ã®éŒ¬é‡‘è¡“å£«ã¨å¹»å‰µã®åœ°ï½,ä¼˜ç±³é›…çš„ç‚¼é‡‘å·¥æˆ¿ ï½è¿½å¿†ä¹‹ç‚¼é‡‘æœ¯å£«ä¸å¹»åˆ›ä¹‹åœ°ï½,2025,PS5,7,2025/04/23
é•ã†æ˜Ÿã®ã¼ãã‚‰,ä¸åŒçš„æ˜Ÿçƒ,2025,PC,7,2025/04/28
Clair Obscur: Expedition 33,å…‰ä¸å½±ï¼š33å·è¿œå¾é˜Ÿ,2025,PC,8,2025/05/19
ä¹æ—¥,/,2024,PC,8,2025/05/26
Ten Bells,åé“ƒé…’é¦†,2024,PC,5,2025/05/26
InfraSpace,åŸºå»ºç©ºé—´,2021,PC,6,2025/05/26
Tennis,ç½‘çƒ,1981,PC,7,2025/05/26
Revenge of the Savage Planet,ç‹‚é‡æ˜Ÿçƒå¤ä»‡è®°,2025,PC,6,2025/05/26
428 ï½å°é–ã•ã‚ŒãŸæ¸‹è°·ã§ï½,428 ï½è¢«å°é”çš„æ¶©è°·ï½,2008,PC,6,2022
9 Kings,ä¹ç‹,2025,PC,6,2025/05/26
Ever 17 - The Out of Infinity,Ever 17 - æ— é™è½®å›çš„è„±å‡º,2002,NS,9,2025/05/30
Ghost of Tsushima,å¯¹é©¬å²›ä¹‹é­‚,2020,PS5,6,2025/06/05
Symphonia ğ„,äº¤å“æ›²ğ„,2024,PC,6,2025/06/06
Mario Kart World,é©¬åŠ›æ¬§èµ›è½¦ ä¸–ç•Œ,2025,NS2,8,2025/06/10
Never 7 - The End of Infinity,Never 7 - æ— é™è½®å›çš„ç»ˆç»“,2000,NS,7,2025/06/20
Crypt Custodian,å†¥ç•Œæ¸…é“å¤«,2024,PC,7,2025/06/23
The Alters,å¤šé‡äººç”Ÿ,2025,PC,8,2025/06/26
ScaleBox,,2025,PC,5,2025/06/26
Marvel's Spider-Man,æ¼«å¨èœ˜è››ä¾ ,2018,PS4,7,2025/06/30
Schedule I,å¤´å·æ¯’å“,2025,PC,7,2025/07/07
MASH VP! Re:VISION,,2024,PC,8,2025/07/14
DEATH STRANDING 2: ON THE BEACH,æ­»äº¡ææµ…2ï¼šå†¥æ»©ä¹‹ä¸Š,2025,PS5,8,2025/07/14
Remember11 -the age of infinity-,Remember11 -æ— é™è½®å›çš„æ—¶å…‰-,2004,PSP,8,2025/07/16
Decarnation,å¿ƒä¹‹èœƒ,2023,PC,6,2025/07/18
Astro Prospector,å’–å•¡æ˜ŸçŸ¿å·¥,2025,PC,7,2025/07/18
PATAPON,å•ªå—’ç °,2007,NS,6,2025/07/21
PATAPON 2,å•ªå—’ç °2,2008,NS,6,2025/07/21
LEGOÂ® Bricktales,LEGOÂ® ç§¯æœ¨ä¼ è¯´,2022,PC,6,2025/07/21
æ˜æœ«ï¼šæ¸Šè™šä¹‹ç¾½,/,2025,PC,5,2025/07/28
He Is Coming,é­”ç‹å°†è‡³,2025,PC,6,2025/07/29
ãŠã‚ã‹ã‚Œã®ã»ã—,å‘Šåˆ«æ˜Ÿçƒ,2019,PC,7,2025/07/30
ãƒ€ãƒ¬ã‚«ãƒ¬,æŠ˜è¨€,2025,PC,8,2025/08/01
Donkey Kong Bananza,å’šå¥‡åˆš è•‰åŠ›å…¨å¼€,2025,NS2,8,2025/08/05
PEAK,é¡¶å³°,2025,PC,8,2025/08/07
Strange Jigsaws,å¥‡å¼‚æ‹¼å›¾,2025,PC,6,2025/08/08
Ã–oo,èŒ§è™«è™«,2025,PC,8,2025/08/11
Dead Take,é—æ˜ ,2025,PC,4,2025/08/15
åŠ¨ç‰©è¿·åŸ,/,2023,PC,8,2025/08/18
Stick It to the Stickman,æ‰“å·¥ç«æŸ´äºº,2025,PC,6,2025/09/01
Herdling,æ¸¸ç‰§ä¹‹æ—…,2025,PC,6,2025/09/01
Binary Smoke,,2025,PC,5,2025/09/01
Indiana Jones and the Great Circle,å¤ºå®å¥‡å…µï¼šå¤è€ä¹‹åœˆ,2024,PC,7,2025/09/04
despelote,,2025,PC,7,2025/09/12
Hollow Knight: Silksong,ç©ºæ´éª‘å£«ï¼šä¸ä¹‹æ­Œ,2025,PC,7,2025/09/15
Abiotic Factor,éç”Ÿç‰©å› ç´ ,2024,PC,5,2025/09/16
Monument Vally 3,çºªå¿µç¢‘è°·3,2024,PC,7,2025/09/18
Environmental Station Alpha,é˜¿å°”æ³•ç¯å¢ƒç«™,2015,PC,6,2025/09/22
Laika: Aged Through Blood,è±å¡ï¼šé²œè¡€é“¸å°±,2023,PC,6,2025/09/22
LEGOÂ® Voyagers,LEGOÂ® æ—…è¡Œè€…,2025,PC,7,2025/09/29
Afterlove EP,,2025,PC,6,2025/09/30
ElecHead,ç”µåŠ›å¤´,2023,PC,8,2025/10/09
Melatonin,è¤ªé»‘ç´ ,2022,PC,8,2025/10/09
Word Play,,2025,PC,7,2025/10/09
"Gremlins, Inc.",åœ°ç²¾å…¬å¸,2015,PC,7,2025/10/09
Dave the Diver,æ½œæ°´å‘˜æˆ´å¤«,2023,PC,7,2025/10/09
Haste,æ•‘å‘½ï¼æ€ä¹ˆåˆå¡Œäº†ï¼,2025,PC,7,2025/10/09
Dragon Quest III HD-2D Remake,å‹‡è€…æ–—æ¶é¾™III HD-2D é‡åˆ¶ç‰ˆ,2024,NS,6,2025/10/09
å¤±è½ä¹‹é­‚,/,2025,PS5,6,2025/10/11
The Farmer Was Replaced,ç¼–ç¨‹å†œåœº,2023,PC,7,2025/10/13
BALL x PIT,çƒæ¯”ä¼¦æˆ˜è®°,2025,PC,6,2025/10/17
